group_id,category,canonical_desc,uom,base_price
0,PUMP,CENTRIFUGAL PUMP 1HP CARBON STEEL,EACH,29390.15
1,CABLE,CABLE 2CX50 SQMM COPPER XLPE UNARMOURED 3.3KV,METER,369.18
2,FASTENER,HEX NUT M6 STAINLESS STEEL 316 GALVANIZED,EACH,52.86
3,CABLE,CABLE 1CX2.5 SQMM COPPER PVC ARMOURED 3.3KV,METER,1148.1
4,FASTENER,ALLEN BOLT M24X20MM GRADE 10.9 PLAIN,EACH,47.35
5,GASKET,PTFE GASKET 100MM PN16,EACH,1515.32
6,CABLE,CABLE 1CX25 SQMM COPPER XLPE UNARMOURED 1.1KV,METER,1130.24
7,PUMP,SUBMERSIBLE PUMP 5HP CARBON STEEL,EACH,57130.78
8,BEARING,TAPER ROLLER BEARING 6305 2RS,EACH,407.49
9,FASTENER,ALLEN BOLT M6X100MM STAINLESS STEEL 304 PLAIN,EACH,48.08
10,PUMP,GEAR PUMP 10HP CARBON STEEL,EACH,36959.98
11,VALVE,BUTTERFLY VALVE 25MM PN16 CAST IRON FLANGED,EACH,7307.71
12,FASTENER,HEX BOLT M12X20MM GRADE 10.9 ZINC PLATED,EACH,56.49
13,CABLE,CABLE 3CX1.5 SQMM ALUMINIUM PVC ARMOURED 1.1KV,METER,460.71
14,FASTENER,SPRING WASHER M20 GRADE 8.8 BLACK,EACH,32.5
15,CABLE,CABLE 3CX2.5 SQMM COPPER PVC UNARMOURED 1.1KV,METER,835.48
16,BEARING,TAPER ROLLER BEARING 6305,EACH,1226.76
17,PUMP,CENTRIFUGAL PUMP 2HP STAINLESS STEEL,EACH,42113.77
18,CABLE,CABLE 3.5CX4 SQMM ALUMINIUM XLPE ARMOURED 1.1KV,METER,755.03
19,VALVE,CHECK VALVE 150MM PN16 CAST IRON SCREWED,EACH,14198.35
20,BEARING,BALL BEARING 30205 2RS,EACH,516.1
21,PIPE,ERW PIPE 25MM SCH80 STAINLESS STEEL 304,METER,3006.6
22,PUMP,SCREW PUMP 7.5HP CAST IRON,EACH,31639.91
23,VALVE,CHECK VALVE 200MM CL300 STAINLESS STEEL WAFER,EACH,5775.47
24,FASTENER,HEX BOLT M12X40MM STAINLESS STEEL 316 BLACK,EACH,56.68
25,PUMP,SUBMERSIBLE PUMP 15HP CAST IRON,EACH,51197.45
26,PIPE,SEAMLESS PIPE 150MM SCH40 STAINLESS STEEL 304,METER,2615.07
27,BEARING,TAPER ROLLER BEARING 6307 2RS,EACH,460.08
28,VALVE,BALL VALVE 25MM CL150 CAST IRON WAFER,EACH,14790.15
29,GASKET,SPIRAL WOUND GASKET 100MM CL150,EACH,1406.88
30,GASKET,CAF GASKET 25MM CL150,EACH,126.82
31,CABLE,CABLE 3CX16 SQMM COPPER PVC ARMOURED 11KV,METER,1234.17
32,GASKET,PTFE GASKET 50MM CL150,EACH,70.41
33,CABLE,CABLE 3.5CX1.5 SQMM ALUMINIUM PVC ARMOURED 1.1KV,METER,975.83
34,PUMP,SCREW PUMP 5HP STAINLESS STEEL,EACH,86575.5
35,BEARING,SPHERICAL ROLLER BEARING 6305 ZZ,EACH,2007.76
36,CABLE,CABLE 4CX4 SQMM ALUMINIUM XLPE ARMOURED 3.3KV,METER,170.37
37,PIPE,ERW PIPE 40MM SCH160 CARBON STEEL,METER,418.41
38,PIPE,ERW PIPE 15MM SCH20 STAINLESS STEEL 316,METER,2133.87
39,GASKET,PTFE GASKET 100MM CL150,EACH,147.54
40,PUMP,CENTRIFUGAL PUMP 10HP STAINLESS STEEL,EACH,80412.86
41,PUMP,GEAR PUMP 1HP CARBON STEEL,EACH,78900.87
42,VALVE,CHECK VALVE 150MM CL150 CAST IRON SCREWED,EACH,8367.18
43,PUMP,SUBMERSIBLE PUMP 10HP STAINLESS STEEL,EACH,39622.43
44,VALVE,BALL VALVE 40MM CL300 STAINLESS STEEL WAFER,EACH,10455.63
45,CABLE,CABLE 1CX4 SQMM ALUMINIUM XLPE ARMOURED 1.1KV,METER,626.38
46,FASTENER,HEX NUT M12 GRADE 4.6 GALVANIZED,EACH,36.22
47,VALVE,GLOBE VALVE 200MM CL150 CAST IRON FLANGED,EACH,2534.14
48,CABLE,CABLE 3CX25 SQMM COPPER PVC ARMOURED 11KV,METER,685.71
49,CABLE,CABLE 4CX50 SQMM COPPER PVC UNARMOURED 3.3KV,METER,883.32
50,PIPE,SEAMLESS PIPE 25MM SCH80 GALVANIZED IRON,METER,2669.3
51,PUMP,SCREW PUMP 5HP CAST IRON,EACH,19646.11
52,PIPE,ERW PIPE 150MM SCH80 STAINLESS STEEL 316,METER,1513.1
53,GASKET,RING JOINT GASKET 80MM CL300,EACH,683.94
54,FASTENER,HEX NUT M20 GRADE 8.8 ZINC PLATED,EACH,39.16
55,CABLE,CABLE 1CX50 SQMM COPPER PVC UNARMOURED 1.1KV,METER,1144.17
56,CABLE,CABLE 2CX1.5 SQMM COPPER PVC UNARMOURED 1.1KV,METER,417.41
57,CABLE,CABLE 3.5CX1.5 SQMM COPPER XLPE UNARMOURED 11KV,METER,89.33
58,VALVE,CHECK VALVE 40MM PN25 CARBON STEEL SCREWED,EACH,1710.72
59,BEARING,TAPER ROLLER BEARING 6305 ZZ,EACH,1647.18
60,PIPE,WELDED PIPE 150MM SCH40 CARBON STEEL,METER,2259.57
61,PIPE,WELDED PIPE 25MM SCH20 CARBON STEEL,METER,462.82
62,CABLE,CABLE 2CX4 SQMM COPPER PVC ARMOURED 1.1KV,METER,1288.87
63,PUMP,CENTRIFUGAL PUMP 15HP STAINLESS STEEL,EACH,93011.04
64,BEARING,TAPER ROLLER BEARING 6003 2RS,EACH,1651.45
65,CABLE,CABLE 3.5CX10 SQMM ALUMINIUM XLPE UNARMOURED 11KV,METER,959.52
66,BEARING,ROLLER BEARING 30210 2RS,EACH,1045.08
67,PIPE,WELDED PIPE 15MM SCH40 STAINLESS STEEL 316,METER,3142.22
68,VALVE,GLOBE VALVE 150MM CL150 STAINLESS STEEL FLANGED,EACH,14628.95
69,PIPE,WELDED PIPE 150MM SCH20 STAINLESS STEEL 304,METER,997.93
70,CABLE,CABLE 3.5CX50 SQMM COPPER XLPE ARMOURED 11KV,METER,661.48
71,PUMP,GEAR PUMP 10HP CAST IRON,EACH,36343.0
72,PIPE,ERW PIPE 100MM SCH160 GALVANIZED IRON,METER,1633.33
73,PIPE,ERW PIPE 50MM SCH80 GALVANIZED IRON,METER,388.79
74,BEARING,BALL BEARING 6205 ZZ,EACH,1952.18
75,CABLE,CABLE 1CX4 SQMM COPPER XLPE UNARMOURED 1.1KV,METER,953.65
76,GASKET,PTFE GASKET 25MM CL300,EACH,1425.82
77,PIPE,SEAMLESS PIPE 15MM SCH160 STAINLESS STEEL 316,METER,2127.95
78,FASTENER,SPRING WASHER M8 GRADE 4.6 GALVANIZED,EACH,33.46
79,FASTENER,PLAIN WASHER M8 GRADE 4.6 GALVANIZED,EACH,42.47
80,BEARING,ROLLER BEARING 30210,EACH,2249.58
81,GASKET,PTFE GASKET 25MM CL150,EACH,256.76
82,BEARING,TAPER ROLLER BEARING 30210,EACH,1475.7
83,VALVE,GLOBE VALVE 150MM PN25 CARBON STEEL FLANGED,EACH,8592.13
84,BEARING,ROLLER BEARING 6307,EACH,1976.72
85,BEARING,BALL BEARING 6307 ZZ,EACH,1806.3
86,PUMP,GEAR PUMP 1HP CAST IRON,EACH,84634.13
87,PIPE,WELDED PIPE 25MM SCH80 STAINLESS STEEL 304,METER,1970.64
88,CABLE,CABLE 3CX35 SQMM ALUMINIUM PVC UNARMOURED 3.3KV,METER,497.75
89,BEARING,SPHERICAL ROLLER BEARING 6003,EACH,2233.86
90,PUMP,SUBMERSIBLE PUMP 1HP CARBON STEEL,EACH,56354.86
91,BEARING,TAPER ROLLER BEARING 6204,EACH,392.78
92,FASTENER,STUD BOLT M12X65MM GRADE 8.8 PLAIN,EACH,45.22
93,PUMP,GEAR PUMP 2HP CARBON STEEL,EACH,64336.26
94,FASTENER,STUD BOLT M10X40MM STAINLESS STEEL 304 ZINC PLATED,EACH,23.75
95,CABLE,CABLE 3.5CX2.5 SQMM COPPER XLPE ARMOURED 1.1KV,METER,772.87
96,PUMP,GEAR PUMP 2HP STAINLESS STEEL,EACH,92430.23
97,VALVE,GLOBE VALVE 25MM PN25 CAST IRON WAFER,EACH,11470.63
98,BEARING,ROLLER BEARING 22210 ZZ,EACH,2159.81
99,GASKET,SPIRAL WOUND GASKET 50MM CL300,EACH,1402.43
100,PUMP,CENTRIFUGAL PUMP 5HP STAINLESS STEEL,EACH,5965.31
101,PIPE,WELDED PIPE 80MM SCH20 STAINLESS STEEL 304,METER,1722.2
102,FASTENER,STUD BOLT M20X100MM GRADE 4.6 BLACK,EACH,13.37
103,VALVE,GATE VALVE 100MM CL150 STAINLESS STEEL WAFER,EACH,15177.95
104,VALVE,GATE VALVE 50MM CL300 CAST IRON FLANGED,EACH,2046.66
105,BEARING,TAPER ROLLER BEARING 6206 ZZ,EACH,1439.69
106,FASTENER,HEX NUT M6 GRADE 10.9 ZINC PLATED,EACH,57.2
107,FASTENER,SPRING WASHER M6 STAINLESS STEEL 304 GALVANIZED,EACH,41.48
108,PIPE,ERW PIPE 80MM SCH40 STAINLESS STEEL 316,METER,509.91
109,PIPE,SEAMLESS PIPE 50MM SCH160 STAINLESS STEEL 304,METER,1437.83
110,PIPE,SEAMLESS PIPE 25MM SCH40 GALVANIZED IRON,METER,679.88
111,PIPE,ERW PIPE 15MM SCH160 CARBON STEEL,METER,1551.3
112,CABLE,CABLE 2CX25 SQMM COPPER PVC UNARMOURED 3.3KV,METER,425.15
113,PIPE,ERW PIPE 25MM SCH160 STAINLESS STEEL 304,METER,2310.03
114,CABLE,CABLE 4CX16 SQMM ALUMINIUM PVC UNARMOURED 3.3KV,METER,250.32
115,FASTENER,PLAIN WASHER M12 GRADE 4.6 ZINC PLATED,EACH,9.64
116,VALVE,BUTTERFLY VALVE 100MM CL150 CARBON STEEL SCREWED,EACH,14587.29
117,PUMP,SUBMERSIBLE PUMP 25HP CARBON STEEL,EACH,90655.58
118,FASTENER,ALLEN BOLT M24X40MM GRADE 8.8 PLAIN,EACH,37.11
119,BEARING,ROLLER BEARING 30210 ZZ,EACH,1164.05
120,FASTENER,HEX BOLT M6X100MM STAINLESS STEEL 304 BLACK,EACH,26.96
121,FASTENER,STUD BOLT M24X50MM GRADE 8.8 BLACK,EACH,60.1
122,GASKET,SPIRAL WOUND GASKET 25MM CL150,EACH,1359.9
123,CABLE,CABLE 3CX35 SQMM COPPER PVC UNARMOURED 11KV,METER,386.79
124,BEARING,BALL BEARING 51110 2RS,EACH,804.59
125,PUMP,GEAR PUMP 10HP STAINLESS STEEL,EACH,63651.95
126,VALVE,BALL VALVE 40MM CL150 CARBON STEEL WAFER,EACH,15601.54
127,PIPE,ERW PIPE 15MM SCH160 GALVANIZED IRON,METER,1917.58
128,CABLE,CABLE 4CX10 SQMM COPPER PVC ARMOURED 1.1KV,METER,144.04
129,FASTENER,SPRING WASHER M6 GRADE 10.9 BLACK,EACH,15.64
130,PIPE,SEAMLESS PIPE 80MM SCH40 STAINLESS STEEL 316,METER,3007.86
131,BEARING,ROLLER BEARING 6003 2RS,EACH,577.51
132,FASTENER,HEX BOLT M8X20MM GRADE 8.8 GALVANIZED,EACH,27.92
133,CABLE,CABLE 4CX25 SQMM COPPER PVC UNARMOURED 11KV,METER,1106.19
134,FASTENER,SPRING WASHER M12 GRADE 4.6 PLAIN,EACH,53.0
135,PUMP,GEAR PUMP 7.5HP STAINLESS STEEL,EACH,71668.43
136,GASKET,PTFE GASKET 150MM CL150,EACH,1260.38
137,CABLE,CABLE 3.5CX1.5 SQMM ALUMINIUM XLPE UNARMOURED 11KV,METER,1170.69
138,BEARING,TAPER ROLLER BEARING 22210,EACH,175.54
139,CABLE,CABLE 3.5CX6 SQMM COPPER PVC UNARMOURED 1.1KV,METER,787.51
140,PIPE,WELDED PIPE 40MM SCH40 GALVANIZED IRON,METER,216.12
141,CABLE,CABLE 2CX6 SQMM ALUMINIUM PVC ARMOURED 3.3KV,METER,543.15
142,PUMP,CENTRIFUGAL PUMP 5HP CARBON STEEL,EACH,28773.15
143,VALVE,BUTTERFLY VALVE 100MM PN25 CAST IRON FLANGED,EACH,4975.9
144,FASTENER,HEX NUT M20 STAINLESS STEEL 316 BLACK,EACH,13.45
145,FASTENER,HEX NUT M16 STAINLESS STEEL 304 PLAIN,EACH,51.18
146,VALVE,BUTTERFLY VALVE 50MM CL300 CARBON STEEL SCREWED,EACH,11607.22
147,PUMP,SCREW PUMP 25HP CAST IRON,EACH,24328.05
148,BEARING,BALL BEARING 6205,EACH,1182.79
149,BEARING,TAPER ROLLER BEARING 6206 2RS,EACH,1747.33
150,BEARING,TAPER ROLLER BEARING 51110 ZZ,EACH,2467.51
151,BEARING,SPHERICAL ROLLER BEARING 6307 ZZ,EACH,1361.15
152,BEARING,SPHERICAL ROLLER BEARING 6003 2RS,EACH,2127.56
153,PUMP,SUBMERSIBLE PUMP 2HP CARBON STEEL,EACH,8138.66
154,PIPE,SEAMLESS PIPE 15MM SCH40 GALVANIZED IRON,METER,1298.36
155,PIPE,SEAMLESS PIPE 150MM SCH40 GALVANIZED IRON,METER,1422.9
156,PIPE,WELDED PIPE 150MM SCH160 STAINLESS STEEL 316,METER,2540.36
157,VALVE,GLOBE VALVE 150MM PN16 CAST IRON WAFER,EACH,6821.26
158,CABLE,CABLE 1CX6 SQMM COPPER XLPE ARMOURED 3.3KV,METER,301.4
159,VALVE,BALL VALVE 80MM CL300 STAINLESS STEEL FLANGED,EACH,13218.04
160,CABLE,CABLE 2CX25 SQMM ALUMINIUM XLPE UNARMOURED 11KV,METER,364.2
161,BEARING,ROLLER BEARING 22210 2RS,EACH,1385.47
162,VALVE,CHECK VALVE 200MM CL300 STAINLESS STEEL FLANGED,EACH,8240.24
163,PIPE,SEAMLESS PIPE 80MM SCH40 GALVANIZED IRON,METER,3033.34
164,GASKET,RING JOINT GASKET 100MM CL150,EACH,1427.59
165,FASTENER,HEX NUT M8 STAINLESS STEEL 316 ZINC PLATED,EACH,52.39
166,VALVE,CHECK VALVE 80MM CL300 STAINLESS STEEL FLANGED,EACH,3977.83
167,FASTENER,HEX NUT M16 GRADE 8.8 BLACK,EACH,46.24
168,PIPE,SEAMLESS PIPE 15MM SCH20 CARBON STEEL,METER,2486.69
169,BEARING,SPHERICAL ROLLER BEARING 6003 ZZ,EACH,1758.67
170,PUMP,GEAR PUMP 25HP CARBON STEEL,EACH,38556.47
171,FASTENER,SPRING WASHER M16 GRADE 4.6 ZINC PLATED,EACH,59.1
172,BEARING,ROLLER BEARING 6305,EACH,2559.06
173,PIPE,SEAMLESS PIPE 100MM SCH160 STAINLESS STEEL 316,METER,2744.97
174,CABLE,CABLE 3.5CX50 SQMM ALUMINIUM PVC UNARMOURED 11KV,METER,697.81
175,FASTENER,HEX BOLT M10X100MM STAINLESS STEEL 316 BLACK,EACH,14.28
176,VALVE,CHECK VALVE 80MM CL150 STAINLESS STEEL WAFER,EACH,1839.06
177,BEARING,SPHERICAL ROLLER BEARING 6205 ZZ,EACH,2171.66
178,CABLE,CABLE 2CX10 SQMM ALUMINIUM XLPE UNARMOURED 1.1KV,METER,430.35
179,PIPE,ERW PIPE 100MM SCH40 STAINLESS STEEL 316,METER,2498.14
180,PUMP,GEAR PUMP 2HP CAST IRON,EACH,37201.81
181,FASTENER,PLAIN WASHER M20 GRADE 8.8 GALVANIZED,EACH,2.19
182,PUMP,SCREW PUMP 15HP STAINLESS STEEL,EACH,19656.89
183,GASKET,PTFE GASKET 80MM CL300,EACH,124.9
184,PUMP,GEAR PUMP 15HP CARBON STEEL,EACH,34863.07
185,PUMP,SUBMERSIBLE PUMP 7.5HP CARBON STEEL,EACH,76674.7
186,VALVE,BALL VALVE 80MM CL150 CAST IRON FLANGED,EACH,3910.25
187,PUMP,CENTRIFUGAL PUMP 10HP CARBON STEEL,EACH,38525.76
188,VALVE,GATE VALVE 100MM CL150 STAINLESS STEEL SCREWED,EACH,2663.05
189,CABLE,CABLE 3CX1.5 SQMM COPPER PVC ARMOURED 1.1KV,METER,1081.74
190,VALVE,BUTTERFLY VALVE 100MM CL150 CARBON STEEL FLANGED,EACH,14449.27
191,FASTENER,HEX BOLT M12X100MM STAINLESS STEEL 304 PLAIN,EACH,46.92
192,PUMP,CENTRIFUGAL PUMP 25HP CARBON STEEL,EACH,88894.18
193,PUMP,CENTRIFUGAL PUMP 2HP CARBON STEEL,EACH,53217.03
194,PIPE,WELDED PIPE 25MM SCH40 STAINLESS STEEL 316,METER,2144.78
195,GASKET,PTFE GASKET 150MM PN16,EACH,962.68
196,CABLE,CABLE 4CX4 SQMM ALUMINIUM PVC ARMOURED 11KV,METER,372.86
197,FASTENER,PLAIN WASHER M16 GRADE 4.6 ZINC PLATED,EACH,20.4
198,VALVE,BALL VALVE 80MM PN16 CARBON STEEL SCREWED,EACH,5401.74
199,CABLE,CABLE 4CX4 SQMM COPPER PVC ARMOURED 3.3KV,METER,717.71
200,PIPE,SEAMLESS PIPE 40MM SCH80 STAINLESS STEEL 316,METER,2969.61
201,GASKET,SPIRAL WOUND GASKET 25MM PN16,EACH,554.17
202,GASKET,SPIRAL WOUND GASKET 150MM CL300,EACH,352.71
203,FASTENER,HEX NUT M12 STAINLESS STEEL 304 ZINC PLATED,EACH,6.77
204,FASTENER,SPRING WASHER M10 STAINLESS STEEL 316 ZINC PLATED,EACH,31.81
205,CABLE,CABLE 1CX1.5 SQMM COPPER XLPE ARMOURED 3.3KV,METER,176.87
206,FASTENER,HEX NUT M10 STAINLESS STEEL 304 GALVANIZED,EACH,32.36
207,PUMP,SCREW PUMP 5HP CARBON STEEL,EACH,75377.04
208,BEARING,ROLLER BEARING 6307 2RS,EACH,606.26
209,GASKET,PTFE GASKET 150MM CL300,EACH,1391.72
210,GASKET,RING JOINT GASKET 150MM CL150,EACH,1087.77
211,GASKET,SPIRAL WOUND GASKET 100MM CL300,EACH,547.34
212,FASTENER,HEX BOLT M12X20MM GRADE 4.6 BLACK,EACH,15.84
213,BEARING,BALL BEARING 6204 2RS,EACH,2178.73
214,GASKET,SPIRAL WOUND GASKET 50MM CL150,EACH,886.66
215,GASKET,CAF GASKET 100MM CL150,EACH,959.59
216,PIPE,ERW PIPE 40MM SCH80 STAINLESS STEEL 316,METER,604.56
217,PIPE,SEAMLESS PIPE 100MM SCH40 STAINLESS STEEL 316,METER,1052.89
218,FASTENER,ALLEN BOLT M6X50MM GRADE 10.9 ZINC PLATED,EACH,65.83
219,PUMP,CENTRIFUGAL PUMP 1HP CAST IRON,EACH,45479.44
220,PUMP,SCREW PUMP 25HP CARBON STEEL,EACH,73718.23
221,BEARING,BALL BEARING 22210,EACH,125.41
222,VALVE,CHECK VALVE 50MM CL300 CARBON STEEL WAFER,EACH,1599.62
223,BEARING,SPHERICAL ROLLER BEARING 51110 2RS,EACH,2185.4
224,PUMP,CENTRIFUGAL PUMP 10HP CAST IRON,EACH,51165.1
225,BEARING,BALL BEARING NU309,EACH,1645.53
226,BEARING,ROLLER BEARING NU309 ZZ,EACH,1589.07
227,FASTENER,STUD BOLT M24X40MM STAINLESS STEEL 304 BLACK,EACH,12.67
228,FASTENER,HEX NUT M24 GRADE 4.6 ZINC PLATED,EACH,13.15
229,PIPE,ERW PIPE 50MM SCH40 STAINLESS STEEL 316,METER,1868.75
230,PIPE,WELDED PIPE 80MM SCH40 CARBON STEEL,METER,1725.2
231,FASTENER,STUD BOLT M6X25MM GRADE 8.8 PLAIN,EACH,60.59
232,VALVE,GATE VALVE 80MM CL300 CAST IRON WAFER,EACH,3968.64
233,BEARING,BALL BEARING 30205,EACH,641.12
234,PUMP,CENTRIFUGAL PUMP 5HP CAST IRON,EACH,62755.52
235,PUMP,SUBMERSIBLE PUMP 2HP CAST IRON,EACH,77977.65
236,FASTENER,STUD BOLT M12X80MM GRADE 4.6 PLAIN,EACH,48.69
237,PUMP,GEAR PUMP 15HP CAST IRON,EACH,65612.85
238,GASKET,CAF GASKET 80MM CL300,EACH,1340.7
239,FASTENER,SPRING WASHER M24 GRADE 8.8 ZINC PLATED,EACH,29.49
240,FASTENER,SPRING WASHER M24 STAINLESS STEEL 316 PLAIN,EACH,55.24
241,PUMP,CENTRIFUGAL PUMP 1HP STAINLESS STEEL,EACH,49172.95
242,BEARING,BALL BEARING 30205 ZZ,EACH,624.13
243,GASKET,PTFE GASKET 50MM PN16,EACH,142.64
244,BEARING,TAPER ROLLER BEARING 22210 2RS,EACH,982.71
245,PUMP,SUBMERSIBLE PUMP 10HP CAST IRON,EACH,20363.4
246,PIPE,WELDED PIPE 25MM SCH160 CARBON STEEL,METER,1334.3
247,GASKET,RING JOINT GASKET 100MM PN16,EACH,116.26
248,FASTENER,HEX BOLT M8X25MM GRADE 8.8 PLAIN,EACH,62.72
249,PUMP,SCREW PUMP 1HP CARBON STEEL,EACH,19557.9
250,CABLE,CABLE 4CX6 SQMM ALUMINIUM PVC ARMOURED 11KV,METER,497.99
251,GASKET,PTFE GASKET 25MM PN16,EACH,940.01
252,BEARING,BALL BEARING 6003 ZZ,EACH,1104.47
253,FASTENER,HEX BOLT M16X20MM STAINLESS STEEL 316 PLAIN,EACH,21.03
254,PIPE,ERW PIPE 50MM SCH20 STAINLESS STEEL 304,METER,1492.92
255,PIPE,WELDED PIPE 15MM SCH80 STAINLESS STEEL 316,METER,1318.28
256,FASTENER,STUD BOLT M10X20MM GRADE 10.9 BLACK,EACH,68.42
257,BEARING,ROLLER BEARING NU309,EACH,953.35
258,CABLE,CABLE 1CX10 SQMM ALUMINIUM XLPE UNARMOURED 11KV,METER,219.12
259,PIPE,WELDED PIPE 40MM SCH40 CARBON STEEL,METER,2849.59
260,CABLE,CABLE 2CX10 SQMM ALUMINIUM PVC UNARMOURED 3.3KV,METER,822.43
261,BEARING,ROLLER BEARING 30205 2RS,EACH,1941.22
262,BEARING,SPHERICAL ROLLER BEARING 6206 ZZ,EACH,537.04
263,CABLE,CABLE 3CX16 SQMM ALUMINIUM XLPE ARMOURED 11KV,METER,1010.01
264,FASTENER,SPRING WASHER M10 STAINLESS STEEL 316 PLAIN,EACH,9.01
265,PUMP,SUBMERSIBLE PUMP 2HP STAINLESS STEEL,EACH,23386.17
266,CABLE,CABLE 3CX35 SQMM ALUMINIUM XLPE UNARMOURED 3.3KV,METER,680.56
267,FASTENER,HEX NUT M16 GRADE 10.9 BLACK,EACH,26.85
268,CABLE,CABLE 4CX2.5 SQMM ALUMINIUM XLPE ARMOURED 11KV,METER,320.24
269,FASTENER,ALLEN BOLT M24X40MM GRADE 10.9 BLACK,EACH,29.66
270,PIPE,ERW PIPE 100MM SCH80 STAINLESS STEEL 304,METER,219.01
271,FASTENER,ALLEN BOLT M20X65MM GRADE 8.8 ZINC PLATED,EACH,37.74
272,PUMP,SUBMERSIBLE PUMP 7.5HP CAST IRON,EACH,8851.04
273,VALVE,BALL VALVE 40MM CL300 STAINLESS STEEL SCREWED,EACH,10755.81
274,GASKET,RING JOINT GASKET 150MM CL300,EACH,407.42
275,FASTENER,PLAIN WASHER M6 STAINLESS STEEL 316 PLAIN,EACH,35.05
276,VALVE,BUTTERFLY VALVE 80MM PN25 CARBON STEEL SCREWED,EACH,11597.69
277,CABLE,CABLE 4CX50 SQMM ALUMINIUM XLPE UNARMOURED 1.1KV,METER,663.78
278,PIPE,ERW PIPE 40MM SCH80 GALVANIZED IRON,METER,1883.38
279,GASKET,SPIRAL WOUND GASKET 150MM CL150,EACH,1585.6
280,CABLE,CABLE 2CX10 SQMM ALUMINIUM PVC ARMOURED 3.3KV,METER,1063.35
281,GASKET,SPIRAL WOUND GASKET 80MM CL150,EACH,667.03
282,PIPE,SEAMLESS PIPE 80MM SCH160 STAINLESS STEEL 316,METER,1582.55
283,PUMP,SUBMERSIBLE PUMP 1HP STAINLESS STEEL,EACH,60541.51
284,VALVE,GLOBE VALVE 50MM PN16 CARBON STEEL FLANGED,EACH,6816.35
285,VALVE,CHECK VALVE 200MM PN16 CARBON STEEL WAFER,EACH,1853.13
286,PIPE,SEAMLESS PIPE 25MM SCH40 STAINLESS STEEL 316,METER,1375.6
287,BEARING,TAPER ROLLER BEARING 6206,EACH,655.11
288,BEARING,TAPER ROLLER BEARING 30205 ZZ,EACH,1688.04
289,CABLE,CABLE 1CX50 SQMM COPPER XLPE UNARMOURED 3.3KV,METER,829.65
290,BEARING,TAPER ROLLER BEARING 22210 ZZ,EACH,1539.86
291,VALVE,GLOBE VALVE 80MM CL300 CARBON STEEL FLANGED,EACH,15086.64
292,PIPE,SEAMLESS PIPE 15MM SCH80 STAINLESS STEEL 316,METER,1224.31
293,PIPE,SEAMLESS PIPE 150MM SCH160 STAINLESS STEEL 304,METER,1846.11
294,PIPE,SEAMLESS PIPE 50MM SCH40 CARBON STEEL,METER,1384.49
295,FASTENER,HEX BOLT M8X80MM STAINLESS STEEL 316 ZINC PLATED,EACH,2.19
296,GASKET,RING JOINT GASKET 80MM PN16,EACH,1106.74
297,BEARING,BALL BEARING 51110 ZZ,EACH,1286.25
298,PIPE,SEAMLESS PIPE 40MM SCH80 CARBON STEEL,METER,989.86
299,FASTENER,STUD BOLT M20X20MM STAINLESS STEEL 304 GALVANIZED,EACH,33.14
300,PIPE,ERW PIPE 50MM SCH80 CARBON STEEL,METER,556.03
301,PUMP,SCREW PUMP 15HP CARBON STEEL,EACH,63682.73
302,PIPE,SEAMLESS PIPE 80MM SCH40 CARBON STEEL,METER,2639.89
303,GASKET,RING JOINT GASKET 25MM CL150,EACH,465.89
304,CABLE,CABLE 2CX25 SQMM ALUMINIUM PVC ARMOURED 1.1KV,METER,1276.02
305,PUMP,GEAR PUMP 7.5HP CAST IRON,EACH,35462.14
306,FASTENER,STUD BOLT M16X100MM STAINLESS STEEL 316 PLAIN,EACH,67.2
307,CABLE,CABLE 3CX16 SQMM COPPER PVC UNARMOURED 11KV,METER,330.99
308,FASTENER,SPRING WASHER M6 STAINLESS STEEL 316 GALVANIZED,EACH,66.93
309,FASTENER,STUD BOLT M16X40MM STAINLESS STEEL 304 GALVANIZED,EACH,67.15
310,BEARING,SPHERICAL ROLLER BEARING 22210 2RS,EACH,176.32
311,GASKET,CAF GASKET 100MM CL300,EACH,170.52
312,FASTENER,HEX BOLT M16X20MM GRADE 4.6 ZINC PLATED,EACH,30.01
313,VALVE,CHECK VALVE 200MM CL300 STAINLESS STEEL SCREWED,EACH,13849.51
314,VALVE,BALL VALVE 50MM PN25 CAST IRON FLANGED,EACH,3544.31
315,PIPE,WELDED PIPE 80MM SCH160 STAINLESS STEEL 304,METER,2204.15
316,PIPE,ERW PIPE 50MM SCH20 STAINLESS STEEL 316,METER,2671.11
317,CABLE,CABLE 2CX35 SQMM ALUMINIUM XLPE UNARMOURED 3.3KV,METER,80.33
318,VALVE,BUTTERFLY VALVE 50MM PN16 CARBON STEEL SCREWED,EACH,2325.12
319,BEARING,ROLLER BEARING 6305 2RS,EACH,1518.53
320,CABLE,CABLE 1CX4 SQMM ALUMINIUM PVC ARMOURED 11KV,METER,163.98
321,FASTENER,STUD BOLT M24X25MM STAINLESS STEEL 304 ZINC PLATED,EACH,54.17
322,PUMP,SUBMERSIBLE PUMP 25HP STAINLESS STEEL,EACH,54779.59
323,BEARING,TAPER ROLLER BEARING 6003 ZZ,EACH,353.06
324,PIPE,SEAMLESS PIPE 80MM SCH20 GALVANIZED IRON,METER,1513.45
325,PIPE,WELDED PIPE 25MM SCH40 CARBON STEEL,METER,875.31
326,PIPE,ERW PIPE 50MM SCH160 CARBON STEEL,METER,1595.94
327,VALVE,GLOBE VALVE 25MM PN25 STAINLESS STEEL FLANGED,EACH,12298.37
328,CABLE,CABLE 3CX25 SQMM ALUMINIUM PVC ARMOURED 3.3KV,METER,568.62
329,FASTENER,SPRING WASHER M24 GRADE 8.8 PLAIN,EACH,18.95
330,BEARING,SPHERICAL ROLLER BEARING 30205 2RS,EACH,1250.66
331,GASKET,PTFE GASKET 100MM CL300,EACH,1145.04
332,PUMP,GEAR PUMP 1HP STAINLESS STEEL,EACH,34441.66
333,GASKET,SPIRAL WOUND GASKET 100MM PN16,EACH,1412.76
334,PIPE,SEAMLESS PIPE 150MM SCH160 STAINLESS STEEL 316,METER,2367.58
335,CABLE,CABLE 3CX6 SQMM COPPER XLPE UNARMOURED 11KV,METER,506.4
336,VALVE,CHECK VALVE 100MM CL150 STAINLESS STEEL FLANGED,EACH,5139.96
337,VALVE,GATE VALVE 100MM CL150 CAST IRON FLANGED,EACH,2265.82
338,GASKET,RING JOINT GASKET 25MM CL300,EACH,131.87
339,BEARING,ROLLER BEARING 6204,EACH,499.6
340,VALVE,BALL VALVE 150MM CL300 CARBON STEEL FLANGED,EACH,11780.82
341,CABLE,CABLE 3.5CX10 SQMM COPPER XLPE ARMOURED 3.3KV,METER,1142.38
342,GASKET,PTFE GASKET 80MM CL150,EACH,1556.83
343,PUMP,SCREW PUMP 7.5HP STAINLESS STEEL,EACH,48159.34
344,BEARING,ROLLER BEARING 6205 ZZ,EACH,2430.8
345,PUMP,SCREW PUMP 10HP CAST IRON,EACH,59515.97
346,CABLE,CABLE 2CX10 SQMM COPPER PVC UNARMOURED 3.3KV,METER,351.92
347,CABLE,CABLE 3.5CX6 SQMM ALUMINIUM PVC ARMOURED 3.3KV,METER,627.7
348,VALVE,BUTTERFLY VALVE 150MM PN25 CAST IRON FLANGED,EACH,10923.92
349,CABLE,CABLE 3.5CX2.5 SQMM ALUMINIUM XLPE UNARMOURED 3.3KV,METER,262.73
