id,group_id
0,0
1,0
2,1
3,1
4,1
5,1
6,1
7,1
8,2
9,3
10,3
11,3
12,3
13,4
14,4
15,4
16,4
17,5
18,6
19,6
20,6
21,6
22,7
23,7
24,7
25,7
26,7
27,7
28,8
29,8
30,8
31,8
32,8
33,8
34,9
35,9
36,9
37,9
38,9
39,10
40,10
41,10
42,11
43,11
44,11
45,11
46,12
47,12
48,12
49,12
50,13
51,13
52,13
53,14
54,15
55,15
56,15
57,15
58,16
59,16
60,16
61,16
62,17
63,17
64,17
65,17
66,18
67,18
68,18
69,19
70,19
71,20
72,20
73,20
74,20
75,21
76,21
77,22
78,22
79,22
80,22
81,22
82,22
83,23
84,23
85,23
86,24
87,24
88,24
89,24
90,25
91,25
92,25
93,25
94,26
95,26
96,26
97,26
98,27
99,27
100,27
101,28
102,28
103,28
104,29
105,29
106,29
107,29
108,30
109,30
110,30
111,31
112,31
113,31
114,31
115,31
116,32
117,32
118,32
119,32
120,33
121,33
122,33
123,33
124,34
125,34
126,35
127,35
128,35
129,36
130,37
131,37
132,38
133,39
134,39
135,39
136,40
137,40
138,40
139,40
140,40
141,40
142,41
143,41
144,41
145,41
146,41
147,41
148,42
149,43
150,43
151,44
152,44
153,44
154,44
155,45
156,45
157,46
158,46
159,47
160,48
161,48
162,49
163,49
164,49
165,49
166,49
167,50
168,51
169,51
170,52
171,52
172,52
173,52
174,52
175,52
176,53
177,53
178,53
179,54
180,54
181,54
182,54
183,54
184,54
185,55
186,55
187,55
188,55
189,55
190,55
191,56
192,56
193,56
194,56
195,57
196,57
197,58
198,58
199,58
200,58
201,58
202,58
203,59
204,59
205,59
206,59
207,60
208,60
209,60
210,60
211,60
212,61
213,61
214,61
215,61
216,61
217,61
218,62
219,62
220,62
221,62
222,62
223,62
224,63
225,64
226,64
227,64
228,64
229,65
230,66
231,66
232,66
233,66
234,67
235,67
236,67
237,67
238,67
239,67
240,68
241,69
242,70
243,70
244,70
245,70
246,70
247,71
248,71
249,71
250,71
251,71
252,71
253,72
254,72
255,72
256,73
257,73
258,73
259,73
260,74
261,74
262,74
263,74
264,74
265,75
266,75
267,75
268,75
269,75
270,75
271,76
272,76
273,76
274,76
275,76
276,77
277,77
278,78
279,78
280,78
281,78
282,78
283,79
284,80
285,80
286,80
287,81
288,81
289,81
290,82
291,83
292,83
293,83
294,83
295,83
296,84
297,84
298,85
299,86
300,86
301,86
302,86
303,86
304,86
305,87
306,87
307,87
308,88
309,88
310,88
311,88
312,89
313,89
314,89
315,89
316,90
317,90
318,90
319,90
320,91
321,91
322,92
323,93
324,93
325,93
326,93
327,93
328,93
329,94
330,95
331,95
332,95
333,96
334,96
335,96
336,96
337,96
338,96
339,97
340,97
341,98
342,98
343,98
344,98
345,98
346,98
347,99
348,99
349,99
350,99
351,100
352,100
353,100
354,100
355,100
356,100
357,101
358,101
359,102
360,103
361,103
362,104
363,104
364,104
365,104
366,105
367,105
368,105
369,105
370,105
371,105
372,106
373,106
374,106
375,106
376,106
377,107
378,108
379,108
380,108
381,108
382,108
383,108
384,109
385,109
386,109
387,110
388,110
389,111
390,111
391,111
392,111
393,111
394,112
395,113
396,114
397,114
398,114
399,114
400,115
401,115
402,115
403,115
404,116
405,116
406,116
407,117
408,117
409,117
410,117
411,117
412,117
413,118
414,118
415,118
416,118
417,118
418,119
419,119
420,119
421,119
422,119
423,119
424,120
425,120
426,120
427,120
428,121
429,121
430,121
431,121
432,121
433,121
434,122
435,122
436,122
437,122
438,122
439,122
440,123
441,123
442,123
443,123
444,124
445,124
446,124
447,124
448,125
449,125
450,125
451,125
452,125
453,125
454,126
455,126
456,126
457,126
458,126
459,126
460,127
461,127
462,127
463,127
464,127
465,128
466,128
467,128
468,128
469,128
470,129
471,129
472,130
473,130
474,130
475,130
476,130
477,130
478,131
479,131
480,132
481,132
482,132
483,132
484,132
485,133
486,133
487,134
488,134
489,134
490,134
491,134
492,135
493,135
494,135
495,135
496,135
497,136
498,136
499,136
500,136
501,136
502,137
503,137
504,137
505,138
506,138
507,139
508,139
509,139
510,139
511,139
512,140
513,140
514,140
515,140
516,140
517,141
518,141
519,142
520,142
521,142
522,142
523,143
524,144
525,144
526,144
527,145
528,145
529,145
530,146
531,146
532,146
533,147
534,147
535,147
536,148
537,148
538,148
539,149
540,149
541,149
542,149
543,149
544,150
545,151
546,151
547,151
548,151
549,151
550,151
551,152
552,152
553,153
554,153
555,154
556,154
557,154
558,154
559,154
560,154
561,155
562,155
563,155
564,155
565,155
566,156
567,157
568,157
569,157
570,158
571,158
572,158
573,158
574,159
575,159
576,159
577,159
578,159
579,160
580,160
581,160
582,160
583,160
584,161
585,161
586,162
587,162
588,162
589,162
590,162
591,162
592,163
593,163
594,163
595,164
596,164
597,164
598,164
599,164
600,164
601,165
602,165
603,166
604,166
605,166
606,166
607,167
608,167
609,167
610,167
611,168
612,168
613,168
614,168
615,168
616,168
617,169
618,169
619,169
620,169
621,170
622,170
623,170
624,170
625,171
626,171
627,171
628,171
629,171
630,172
631,173
632,173
633,173
634,173
635,173
636,174
637,174
638,174
639,174
640,174
641,174
642,175
643,175
644,176
645,177
646,177
647,177
648,177
649,177
650,178
651,178
652,178
653,178
654,179
655,180
656,181
657,181
658,181
659,181
660,181
661,182
662,182
663,182
664,182
665,182
666,183
667,183
668,183
669,183
670,184
671,184
672,184
673,185
674,185
675,185
676,185
677,185
678,186
679,186
680,186
681,187
682,187
683,187
684,187
685,187
686,187
687,188
688,188
689,188
690,189
691,189
692,189
693,190
694,191
695,191
696,192
697,192
698,192
699,192
700,193
701,193
702,194
703,195
704,195
705,195
706,195
707,195
708,195
709,196
710,196
711,197
712,197
713,197
714,197
715,198
716,198
717,198
718,198
719,199
720,199
721,199
722,199
723,200
724,200
725,200
726,200
727,201
728,201
729,201
730,201
731,201
732,202
733,202
734,202
735,202
736,203
737,203
738,203
739,203
740,203
741,204
742,204
743,205
744,205
745,206
746,206
747,206
748,206
749,206
750,206
751,207
752,207
753,207
754,208
755,208
756,209
757,209
758,210
759,210
760,210
761,210
762,211
763,212
764,212
765,212
766,212
767,212
768,213
769,213
770,213
771,213
772,213
773,214
774,214
775,215
776,216
777,216
778,216
779,216
780,216
781,217
782,217
783,217
784,217
785,218
786,218
787,218
788,218
789,218
790,219
791,219
792,219
793,220
794,220
795,220
796,220
797,220
798,221
799,221
800,222
801,222
802,222
803,222
804,222
805,223
806,223
807,223
808,224
809,224
810,224
811,224
812,224
813,225
814,225
815,225
816,225
817,226
818,226
819,227
820,227
821,227
822,227
823,228
824,228
825,228
826,228
827,228
828,229
829,230
830,230
831,230
832,230
833,230
834,230
835,231
836,231
837,231
838,231
839,231
840,231
841,232
842,232
843,233
844,233
845,233
846,233
847,234
848,234
849,234
850,234
851,234
852,234
853,235
854,235
855,235
856,235
857,236
858,236
859,236
860,237
861,237
862,237
863,238
864,239
865,239
866,239
867,239
868,240
869,240
870,240
871,241
872,241
873,242
874,243
875,243
876,244
877,244
878,244
879,244
880,244
881,245
882,245
883,245
884,245
885,245
886,245
887,246
888,246
889,246
890,246
891,247
892,247
893,247
894,247
895,247
896,247
897,248
898,248
899,249
900,249
901,249
902,249
903,249
904,249
905,250
906,250
907,251
908,251
909,252
910,252
911,252
912,253
913,253
914,253
915,253
916,253
917,254
918,254
919,254
920,254
921,254
922,255
923,255
924,255
925,255
926,255
927,255
928,256
929,256
930,257
931,258
932,259
933,259
934,259
935,260
936,260
937,260
938,261
939,261
940,261
941,261
942,261
943,261
944,262
945,262
946,262
947,262
948,263
949,263
950,263
951,264
952,264
953,264
954,265
955,265
956,265
957,265
958,265
959,265
960,266
961,266
962,266
963,266
964,266
965,267
966,267
967,267
968,268
969,268
970,268
971,268
972,268
973,268
974,269
975,269
976,269
977,269
978,269
979,270
980,270
981,270
982,270
983,271
984,271
985,271
986,271
987,271
988,271
989,272
990,272
991,272
992,273
993,274
994,275
995,275
996,275
997,275
998,275
999,276
1000,276
1001,276
1002,276
1003,276
1004,277
1005,277
1006,277
1007,278
1008,278
1009,278
1010,278
1011,279
1012,279
1013,279
1014,279
1015,280
1016,280
1017,280
1018,280
1019,280
1020,281
1021,281
1022,281
1023,281
1024,281
1025,282
1026,282
1027,282
1028,282
1029,282
1030,283
1031,283
1032,284
1033,285
1034,286
1035,287
1036,287
1037,288
1038,288
1039,288
1040,288
1041,289
1042,289
1043,289
1044,289
1045,289
1046,289
1047,290
1048,290
1049,291
1050,291
1051,291
1052,291
1053,291
1054,291
1055,292
1056,293
1057,293
1058,293
1059,293
1060,293
1061,293
1062,294
1063,294
1064,294
1065,294
1066,294
1067,295
1068,295
1069,295
1070,295
1071,296
1072,296
1073,296
1074,296
1075,296
1076,297
1077,297
1078,297
1079,297
1080,298
1081,298
1082,298
1083,298
1084,299
1085,299
1086,299
1087,299
1088,299
1089,300
1090,300
1091,300
1092,301
1093,301
1094,301
1095,301
1096,302
1097,302
1098,302
1099,303
1100,304
1101,304
1102,304
1103,304
1104,304
1105,305
1106,305
1107,305
1108,306
1109,306
1110,307
1111,307
1112,307
1113,308
1114,308
1115,308
1116,309
1117,310
1118,310
1119,310
1120,310
1121,310
1122,310
1123,311
1124,311
1125,312
1126,312
1127,312
1128,312
1129,313
1130,313
1131,313
1132,313
1133,313
1134,313
1135,314
1136,314
1137,314
1138,314
1139,314
1140,315
1141,316
1142,316
1143,316
1144,316
1145,316
1146,316
1147,317
1148,317
1149,317
1150,317
1151,317
1152,317
1153,318
1154,318
1155,318
1156,319
1157,319
1158,319
1159,319
1160,319
1161,319
1162,320
1163,320
1164,321
1165,321
1166,321
1167,321
1168,321
1169,321
1170,322
1171,322
1172,322
1173,322
1174,322
1175,323
1176,324
1177,324
1178,324
1179,324
1180,324
1181,325
1182,325
1183,325
1184,325
1185,326
1186,326
1187,326
1188,326
1189,326
1190,326
1191,327
1192,327
1193,327
1194,327
1195,327
1196,328
1197,328
1198,328
1199,328
1200,328
1201,328
1202,329
1203,329
1204,329
1205,329
1206,330
1207,331
1208,331
1209,331
1210,331
1211,331
1212,332
1213,332
1214,332
1215,332
1216,332
1217,333
1218,333
1219,333
1220,334
1221,334
1222,334
1223,334
1224,334
1225,334
1226,335
1227,335
1228,335
1229,335
1230,335
1231,336
1232,336
1233,337
1234,337
1235,337
1236,337
1237,337
1238,337
1239,338
1240,338
1241,338
1242,339
1243,340
1244,340
1245,340
1246,341
1247,341
1248,341
1249,341
1250,341
1251,341
1252,342
1253,342
1254,342
1255,342
1256,343
1257,343
1258,343
1259,343
1260,344
1261,344
1262,345
1263,345
1264,345
1265,345
1266,345
1267,345
1268,346
1269,347
1270,348
1271,348
1272,348
1273,349
