cnmc,category,unspsc_code,unspsc_title,canonical_desc,uom,n_members,n_cpses,member_ids
IN-261216-0000001-2,CABLE,261216,Electrical wire and cable,CABLE 3.5C X 6 SQMM COPPER PVC UNARMD 1.1KV,METER,5,5,507|508|509|510|511
IN-401716-0000001-4,PIPE,401716,Pipe and pipe fittings,SEAMLESS PIPE 25MM SCH80 GALVANIZED IRON,METER,1,1,167
IN-311616-0000001-4,FASTENER,311616,"Bolts, nuts and fasteners",SPRING WASHER M16 GRADE 4.6 ZINC PLATED,EACH,5,5,625|626|627|628|629
IN-401716-0000002-2,PIPE,401716,Pipe and pipe fittings,ERW PIPE 50 MM SCH20 STAINLESS STEEL 304,METER,5,5,917|918|919|920|921
IN-401015-0000001-9,PUMP,401015,Pumps,SCREW PUMP 7.5HP SSTAINLESS STEEL,EACH,4,4,1256|1257|1258|1259
IN-261216-0000002-0,CABLE,261216,Electrical wire and cable,CABLE 1C X 50 SQMM COPPER XLPE UNARMOURED 3.3KV,METER,6,6,1041|1042|1043|1044|1045|1046
IN-401716-0000003-0,PIPE,401716,Pipe and pipe fittings,ERW PIPE 50 MM SCH160 CARBON STEEL,METER,7,6,390|1185|1186|1187|1188|1189|1190
IN-311616-0000002-2,FASTENER,311616,"Bolts, nuts and fasteners",8.8 WASHER GRADE M24 ZINC SPRING PLATED,EACH,4,4,864|865|866|867
IN-311616-0000003-0,FASTENER,311616,"Bolts, nuts and fasteners",100MM BLACK X STUD 4.6 BOLT M20 GRADE,EACH,1,1,359
IN-401015-0000002-7,PUMP,401015,Pumps,CENTRIFUGAL PUMP 10HP STAINLESS STEEL,EACH,5,5,136|137|139|140|141
IN-401416-0000001-8,VALVE,401416,Industrial valves,CHECK VALVE 200MM CL300 STAINLESS STEEL FLANGED,EACH,6,6,586|587|588|589|590|591
IN-311516-0000001-9,BEARING,311516,Bearings and bushings,22210 ROLLER SPHERICAL 2RS BEARING,EACH,5,5,1118|1119|1120|1121|1122
IN-401015-0000003-5,PUMP,401015,Pumps,SCREW PUMP 10HP CAST IROON,EACH,6,6,1262|1263|1264|1265|1266|1267
IN-401416-0000002-6,VALVE,401416,Industrial valves,BALL VALVE 80 MM CL150 CAST IRON FLANGED,EACH,3,3,678|679|680
IN-401716-0000004-9,PIPE,401716,Pipe and pipe fittings,SCH160 304 STEEEL SEAMLESS 150MM PIPE STAINLESS,METER,6,6,1056|1057|1058|1059|1060|1061
IN-261216-0000003-9,CABLE,261216,Electrical wire and cable,CABLE 3.5C X 10 SQMM COPPER XLPE ARMOURED 3.3KV,METER,6,6,1246|1247|1248|1249|1250|1251
IN-311616-0000004-9,FASTENER,311616,"Bolts, nuts and fasteners",SPRING WASHER M24 GRDAE 8.8 PLAIN,EACH,4,4,1202|1203|1204|1205
IN-401015-0000004-3,PUMP,401015,Pumps,PUMP SUBMERSIBLE CARBON STEEL 1HP,EACH,4,4,316|317|318|319
IN-311516-0000002-7,BEARING,311516,Bearings and bushings,2RS BALL BEARING 6204,EACH,4,4,768|769|770|772
IN-401015-0000005-1,PUMP,401015,Pumps,SCREW PUMP 15HP CARBON STEEL,EACH,4,4,1092|1093|1094|1095
IN-311616-0000005-7,FASTENER,311616,"Bolts, nuts and fasteners",ALLEN BOLT M20 X 65 MM GRADE 8.8 ZINC PLATED,EACH,6,6,983|984|985|986|987|988
IN-311021-0000001-1,GASKET,311021,Gaskets and seals,RING JIONT GASKET 25MM CL300,EACH,3,3,1239|1240|1241
IN-401416-0000003-4,VALVE,401416,Industrial valves,GLOBE VALVE 80MM CL300 CARBON STEEL FLANGED,EACH,6,6,1049|1050|1051|1052|1053|1054
IN-401015-0000006-0,PUMP,401015,Pumps,PUMMP CARBON STEEL 25HP SCREW,EACH,4,4,793|794|796|797
IN-311021-0000002-0,GASKET,311021,Gaskets and seals,SPIRAL WOUND GASKET 100MM PN16,EACH,2,2,1217|1219
IN-261216-0000004-7,CABLE,261216,Electrical wire and cable,CABLE 3.5C X 2.5 SQMM COPPER XLPE ARMOURED 1.1KV,METER,2,2,331|332
IN-401716-0000005-7,PIPE,401716,Pipe and pipe fittings,WELLDED PIPE 150MM SCH40 CARBON STEEL,METER,5,5,207|208|209|210|211
IN-401015-0000007-8,PUMP,401015,Pumps,CENTRIFUGAL PUMP 2HP STAINLESS STEEL,EACH,2,2,63|64
IN-401716-0000006-5,PIPE,401716,Pipe and pipe fittings,ERW PIPE 150 MM SCH80 STAINLESS STEEL 316,METER,5,5,170|171|172|173|175
IN-261216-0000005-5,CABLE,261216,Electrical wire and cable,CABLE 3.5C X 50 SQMM ALUMINIUM PVC UNARMOURED 11KV,METER,6,6,636|637|638|639|640|641
IN-311516-0000003-5,BEARING,311516,Bearings and bushings,TAPER ROLLER BEARING 30205 ZZ,EACH,4,4,1037|1038|1039|1040
IN-311616-0000006-5,FASTENER,311616,"Bolts, nuts and fasteners",STUD BOLT M20 X 20MM STEEL 304 GALVANIZED,EACH,1,1,1087
IN-311516-0000004-3,BEARING,311516,Bearings and bushings,SPHERICAL ROLLER BEARING 6307 ZZ,EACH,6,6,545|546|547|548|549|550
IN-401716-0000007-3,PIPE,401716,Pipe and pipe fittings,150MM PIPE TSEEL STAINLESS SEAMLESS SCH40 304,METER,3,3,94|95|96
IN-401015-0000008-6,PUMP,401015,Pumps,SUBMERSIBLE 7.5HP CARBON STEEL PUMP,EACH,5,5,673|674|675|676|677
IN-311616-0000007-3,FASTENER,311616,"Bolts, nuts and fasteners",BOLT M8 X 25MM 8.8 GRADE HEXAGON PLAIN,EACH,2,2,897|898
IN-311616-0000008-1,FASTENER,311616,"Bolts, nuts and fasteners",ALLEN BOLT M24 X 40 MM GRADE 10.9 BLACK,EACH,5,5,974|975|976|977|978
IN-401716-0000008-1,PIPE,401716,Pipe and pipe fittings,25MM WELDED STEEL PIPE CARBON SCH40,METER,4,4,1181|1182|1183|1184
IN-401416-0000004-2,VALVE,401416,Industrial valves,CHECK VALVE 200 MM CL300 STAINLESS STEEL SCREWED,EACH,5,5,1129|1130|1131|1133|1134
IN-311616-0000009-0,FASTENER,311616,"Bolts, nuts and fasteners",NUT M6 GRADE ZINC PLATED HEXAGON 10.9,EACH,5,5,372|373|374|375|376
IN-311616-0000010-3,FASTENER,311616,"Bolts, nuts and fasteners",SPRING WASHER M6 GRADE 10.9 BLACK,EACH,2,2,470|471
IN-401015-0000009-4,PUMP,401015,Pumps,STAINLESS STEEL SUBMERSIBLE 25HP PUMP,EACH,7,6,407|412|1170|1171|1172|1173|1174
IN-401015-0000010-8,PUMP,401015,Pumps,CENTRIFUGAL PUMP 5HP STAINLESS STEEL,EACH,7,6,138|351|352|353|354|355|871
IN-401716-0000009-0,PIPE,401716,Pipe and pipe fittings,SEAMLESS PPIE 15 MM SCH160 STAINLESS STEEL 316,METER,2,2,276|277
IN-311616-0000011-1,FASTENER,311616,"Bolts, nuts and fasteners",4.6 GRADE M24 HEXAGON PLATED ZINC NUT,EACH,5,5,823|824|825|826|827
IN-311616-0000012-0,FASTENER,311616,"Bolts, nuts and fasteners",M12 IZNC WASHER GRADE PLATED 4.6 PLAIN,EACH,1,1,402
IN-311616-0000013-8,FASTENER,311616,"Bolts, nuts and fasteners",ALLEN PLAIN STEEL 304 STAINLESS M6 X 100MM BOLT,EACH,5,5,34|35|36|37|38
IN-311516-0000005-1,BEARING,311516,Bearings and bushings,BALL BEARING 6003 ZZ,EACH,3,3,909|910|911
IN-311021-0000003-8,GASKET,311021,Gaskets and seals,SPIRAL WOUND GASKET 100 MM CL150,EACH,4,4,104|105|106|107
IN-401015-0000011-6,PUMP,401015,Pumps,GEAR PUMP 2HP CARBON STEEL,EACH,6,6,323|324|325|326|327|328
IN-311516-0000006-0,BEARING,311516,Bearings and bushings,TAPER ROLLEER BEARING 6206 ZZ,EACH,7,6,366|367|368|369|370|371|1036
IN-311021-0000004-6,GASKET,311021,Gaskets and seals,GASKET SPIRAL WOUND PN16 25MM,EACH,4,4,727|728|729|730
IN-401716-0000010-3,PIPE,401716,Pipe and pipe fittings,WELDED PIPE 80 MM SCH20 STAINLESS STEEL 304,METER,2,2,357|358
IN-401716-0000011-1,PIPE,401716,Pipe and pipe fittings,WELDED PIPE 80MM SCH40 CARBON STEEL,METER,4,4,829|830|832|834
IN-401716-0000012-0,PIPE,401716,Pipe and pipe fittings,SEAMLESS PIPE 80MM SCH40 CARBON STEEL,METER,3,3,1096|1097|1098
IN-401015-0000012-4,PUMP,401015,Pumps,CARBON 1HP PUMP STEEL SCREW,EACH,7,6,795|899|900|901|902|903|904
IN-311021-0000005-4,GASKET,311021,Gaskets and seals,CL300 100MM PTFE GASKET,EACH,3,3,1207|1208|1209
IN-311516-0000007-8,BEARING,311516,Bearings and bushings,ROLLER BEARING 22210 2RS,EACH,2,2,584|585
IN-401716-0000013-8,PIPE,401716,Pipe and pipe fittings,WELDED PIPE 15MM SCH80 STAINLESS STEEL 316,METER,5,5,923|924|925|926|927
IN-401015-0000013-2,PUMP,401015,Pumps,SCREW PUMP 25HP CAST IRON,EACH,3,3,533|534|535
IN-401716-0000014-6,PIPE,401716,Pipe and pipe fittings,ERW PIPE 50 MM SCH80 CARBON STEEL,METER,3,3,1089|1090|1091
IN-261216-0000006-3,CABLE,261216,Electrical wire and cable,CABLE UNARMOURED COPPER PVC 3.3KV 4C X 50 SQMM,METER,5,4,162|163|164|166|394
IN-401416-0000005-0,VALVE,401416,Industrial valves,STAINLESS FLANGED CL300 80MM STEEL VALVE BALL,EACH,4,4,574|575|576|578
IN-261216-0000007-1,CABLE,261216,Electrical wire and cable,CABLE 4C X 16 SQMM ALUMINIUM PVC UNARMMOURED 3.3KV,METER,3,3,396|398|399
IN-401716-0000015-4,PIPE,401716,Pipe and pipe fittings,SEAMLESS PIPE 100MM SCH40 STAINLESS STEEL 316,METER,3,3,781|782|783
IN-401716-0000016-2,PIPE,401716,Pipe and pipe fittings,SEAMLESS PIPE 80MM SCH160 STAINLESS STEEL 316,METER,5,5,1025|1026|1027|1028|1029
IN-311516-0000008-6,BEARING,311516,Bearings and bushings,TAPER ROLLER BEARING 6305 2RS,EACH,6,6,28|29|30|31|32|33
IN-401716-0000017-0,PIPE,401716,Pipe and pipe fittings,WELDED PIPE 25 MM SCH20 CARBON STEEL,METER,6,6,212|213|214|215|216|217
IN-311516-0000009-4,BEARING,311516,Bearings and bushings,BEARING BALL 51110 ZZ,EACH,4,4,1076|1077|1078|1079
IN-401416-0000006-9,VALVE,401416,Industrial valves,SCREWED 80MM CARBON STEEL BALL PN16 VALVE,EACH,4,4,715|716|717|718
IN-311021-0000006-2,GASKET,311021,Gaskets and seals,50MM GASKET CL150 PTFE,EACH,4,4,116|117|118|119
IN-311616-0000014-6,FASTENER,311616,"Bolts, nuts and fasteners",HEXAGON BOLT M16 X 20MM STAINLESS STEEL 316 PLAIN,EACH,5,5,912|913|914|915|916
IN-311516-0000010-8,BEARING,311516,Bearings and bushings,TAPEER BEARING 22210,EACH,1,1,505
IN-261216-0000008-0,CABLE,261216,Electrical wire and cable,CABLE 1C X 25 SQMM COPPER XLPE UNARMOURED 1.1KV,METER,5,5,18|19|20|21|269
IN-261216-0000009-8,CABLE,261216,Electrical wire and cable,XLPE 11KV 3C X 6 MM COPPER CABLE UNARMOURED,METER,5,5,1226|1227|1228|1229|1230
IN-401015-0000014-0,PUMP,401015,Pumps,SUBBMERSIBLE PUMP 25HP CARBON STEEL,EACH,3,3,408|409|410
IN-311616-0000015-4,FASTENER,311616,"Bolts, nuts and fasteners",ALLEN BOLT M24 X 40MM GRADE 8.8 PLAIN,EACH,5,5,413|414|415|416|417
IN-311516-0000011-6,BEARING,311516,Bearings and bushings,ROLLER ZZ 30210 BEARING,EACH,9,8,233|284|285|286|418|419|420|422|423
IN-261216-0000010-1,CABLE,261216,Electrical wire and cable,CABLE 3.5C X 1.5 SQMM COPPER XLPE UNARMD 11KV,METER,2,2,195|196
IN-401416-0000007-7,VALVE,401416,Industrial valves,GATE VALVE 100MM CL150 CAST IRON FLANGED,EACH,5,5,1233|1234|1235|1237|1238
IN-311616-0000016-2,FASTENER,311616,"Bolts, nuts and fasteners",STUD BOLT M24 X 40MM STAINLESS STEEL 304 BLACK,EACH,4,4,819|820|821|822
IN-261216-0000011-0,CABLE,261216,Electrical wire and cable,CABLE 3.5C X 50 SQMM COPPER XLPE ARMOURED 11KV,METER,5,5,242|243|244|245|246
IN-311616-0000017-0,FASTENER,311616,"Bolts, nuts and fasteners",HEXAGON NUT M20 STAINLESS STEEL 316 BLACK,EACH,3,3,524|525|526
IN-401416-0000008-5,VALVE,401416,Industrial valves,GLOBE VALVE 150MM PN16 CAST IRON WAFER,EACH,3,3,567|568|569
IN-401716-0000018-9,PIPE,401716,Pipe and pipe fittings,WELDED PIPE 80 MM SCH40 CARBON STEEL,M,2,2,831|833
IN-261216-0000012-8,CABLE,261216,Electrical wire and cable,CABLE 1C X 2.5 SQMM COPPER PVC ARMOURED 3.3KV,METER,4,4,9|10|11|12
IN-401416-0000009-3,VALVE,401416,Industrial valves,FLANGED GLOBE VALVE CARBON STEEL 150MM PN25,EACH,5,5,291|292|293|294|295
IN-311021-0000007-0,GASKET,311021,Gaskets and seals,PTFE 150MM CL300,EACH,2,2,756|757
IN-311021-0000008-9,GASKET,311021,Gaskets and seals,RING JOINT GASKET 80MM PN16,EACH,5,5,1071|1072|1073|1074|1075
IN-261216-0000013-6,CABLE,261216,Electrical wire and cable,CABLE 2C X 10 SQMM COPPER PVC UNARMOURED 3.3KV,METER,1,1,1268
IN-401716-0000019-7,PIPE,401716,Pipe and pipe fittings,WEELDED PIPE 40MM SCH40 GALVANIZED IRON,METER,5,5,512|513|514|515|516
IN-261216-0000014-4,CABLE,261216,Electrical wire and cable,CABLE 3C X 35 SQMM ALUMINIUM XLPE UNARM 3.3KV,M,1,1,962
IN-311516-0000012-4,BEARING,311516,Bearings and bushings,BEARING BALL 30205,EACH,1,1,845
IN-311616-0000018-9,FASTENER,311616,"Bolts, nuts and fasteners",STUD BOLT M12 X 80MM GRADDE 4.6 PLAIN,EACH,3,3,857|858|859
IN-401015-0000015-9,PUMP,401015,Pumps,SUBMERSIBLE IRON CAST 2HP PUMP,EACH,4,4,853|854|856|886
IN-311516-0000013-2,BEARING,311516,Bearings and bushings,SPHERICAL 6003 BEARING ROLLER,EACH,1,1,313
IN-401015-0000016-7,PUMP,401015,Pumps,SUBMERSIBLE PUMP 5HP CARBON STEEL,EACH,6,6,22|23|24|25|26|27
IN-311516-0000014-0,BEARING,311516,Bearings and bushings,BALL BEARING 51110 2RS,EACH,4,4,444|445|446|447
IN-311021-0000009-7,GASKET,311021,Gaskets and seals,SPIRAL WOUND GASKET 50MM CL300,EACH,3,3,348|349|350
IN-261216-0000015-2,CABLE,261216,Electrical wire and cable,CABLE 4C X 25 SQMM COPPER PVC UNARM 11KV,METER,1,1,485
IN-401716-0000020-0,PIPE,401716,Pipe and pipe fittings,SEAMLESS PIPE 15 MM SCH20 CARBON STEEL,METER,6,6,611|612|613|614|615|616
IN-261216-0000016-0,CABLE,261216,Electrical wire and cable,PVC COPPER CABLE 3C X 16 SQMM UNARMD 11KV,METER,2,2,1110|1112
IN-401416-0000010-7,VALVE,401416,Industrial valves,CHECK VALVE 40 MM PN25 CARBON STEEL SCREWED,EACH,6,6,197|198|199|200|201|202
IN-401716-0000021-9,PIPE,401716,Pipe and pipe fittings,GALVANIZED IRON SEAMLESS SCH40 150MM PIPE,M,1,1,565
IN-311616-0000019-7,FASTENER,311616,"Bolts, nuts and fasteners",M12 X 20MM BOLT GRADE BLACK 4.6 HEXAGON,EACH,5,5,763|764|765|766|767
IN-311516-0000015-9,BEARING,311516,Bearings and bushings,6206 BEARING ZZ SPHERICAL ROLLER,EACH,4,4,944|945|946|947
IN-311021-0000010-0,GASKET,311021,Gaskets and seals,RING JOINT GASKET 80 MM CL300,EACH,2,2,176|178
IN-311616-0000020-0,FASTENER,311616,"Bolts, nuts and fasteners",PLAIN WASHER M6 STAINLESS STEEL 316 PLAIN,EACH,5,5,994|995|996|997|998
IN-311616-0000021-9,FASTENER,311616,"Bolts, nuts and fasteners",HEXAGON BLACK NUT GRADE M16 8.8,EACH,4,4,607|608|609|610
IN-311616-0000022-7,FASTENER,311616,"Bolts, nuts and fasteners",HEXAGON BOLT M6 X 100MM STAINLESS STEEL 304 BLACK,EACH,4,4,424|425|426|427
IN-401716-0000022-7,PIPE,401716,Pipe and pipe fittings,25MM WELDED 304 STAINLESS STEEL PIPE SCH80,METER,3,3,305|306|307
IN-401015-0000017-5,PUMP,401015,Pumps,CENTRIFUGAL PUMP 10HP CARBON STEEL,EACH,4,4,681|682|683|685
IN-401015-0000018-3,PUMP,401015,Pumps,GEAR PUMP 1HP CAST IRON,EACH,4,4,299|302|303|304
IN-311616-0000023-5,FASTENER,311616,"Bolts, nuts and fasteners",PLAIN WASHER M16 GRADE 4.6 ZINC PLATED,EACH,4,4,711|712|713|714
IN-261216-0000017-9,CABLE,261216,Electrical wire and cable,CABLE 3C X 1.5 SQMM COPPER PVC ARMOURED 1.1KV,METER,3,3,690|691|692
IN-401416-0000011-5,VALVE,401416,Industrial valves,BUTTERFLY VALVE 50MM CL300 CARBON STEEL SCREWED,EACH,3,3,530|531|532
IN-311616-0000024-3,FASTENER,311616,"Bolts, nuts and fasteners",HEXAGON NUT M20 GRADE 8.8 ZINC PLATED,EACH,6,6,179|180|181|182|183|184
IN-401015-0000019-1,PUMP,401015,Pumps,SCREW STEEL 15HP PUMP STAINLESS,EACH,5,5,661|662|663|664|665
IN-311516-0000016-7,BEARING,311516,Bearings and bushings,BEARING 6003 SPHERICAL ROLLER ZZ,EACH,7,5,312|314|315|617|618|619|620
IN-401015-0000020-5,PUMP,401015,Pumps,SUBMERSIBLE UPMP 1HP STAINLESS STEEL,EACH,2,2,1030|1031
IN-311516-0000017-5,BEARING,311516,Bearings and bushings,ROLLER 6305 BEARING,EACH,1,1,630
IN-401015-0000021-3,PUMP,401015,Pumps,CARBON STEEL PUMP CENTRIFUGAL,EACH,1,1,698
IN-401015-0000022-1,PUMP,401015,Pumps,PUMP 5HP CENTRIFUGAL CARBON STEEL,EACH,4,4,519|520|521|522
IN-401416-0000012-3,VALVE,401416,Industrial valves,BALL VALVE 40MM CL150 CARBON STEEL WAFER,EACH,6,6,454|455|456|457|458|459
IN-261216-0000018-7,CABLE,261216,Electrical wire and cable,CABLE 1C X 4 SQMM COPPER XLPE UNARMOURED 1.1KV,METER,5,5,265|266|267|268|270
IN-401716-0000023-5,PIPE,401716,Pipe and pipe fittings,ERW PIPE 150MM SCH80 STAINLESS STEEL 316,M,1,1,174
IN-311021-0000011-9,GASKET,311021,Gaskets and seals,PTFE GGASKET 80MM CL300,EACH,4,4,666|667|668|669
IN-311516-0000018-3,BEARING,311516,Bearings and bushings,ROLLER BEARING 30205 2RS,EACH,4,4,938|939|941|943
IN-311021-0000012-7,GASKET,311021,Gaskets and seals,CAF GASKET 80MM CL300,EACH,1,1,863
IN-261216-0000019-5,CABLE,261216,Electrical wire and cable,CABLE 3C X 25 SQMM ALUMINIUM PVC ARMOURED 3.3KV,METER,5,5,1197|1198|1199|1200|1201
IN-401716-0000024-3,PIPE,401716,Pipe and pipe fittings,SEAMLESS PIPE 40MM SCH80 CARBON STEEL,METER,4,4,1080|1081|1082|1083
IN-401015-0000023-0,PUMP,401015,Pumps,PUMP SCREW CRBON 5HP STEEL,EACH,1,1,753
IN-000000-0000001-9,OTHER,000000,Unclassified,GATE 100MM CL150 CAST IRON FLANGED,EACH,1,1,1236
IN-401015-0000024-8,PUMP,401015,Pumps,GEAR PUMP 10HP STAINLESS STEEL,EACH,6,6,448|449|450|451|452|453
IN-311021-0000013-5,GASKET,311021,Gaskets and seals,25MM PN16 GASKET PTFE,EACH,2,2,907|908
IN-311021-0000014-3,GASKET,311021,Gaskets and seals,RING JOINT GASKET 100 MM CL150,EACH,6,6,595|596|597|598|599|600
IN-261216-0000020-9,CABLE,261216,Electrical wire and cable,CABLE 3C X 16 SQMM COPPER PVC ARMOURED 11KV,METER,6,6,111|112|113|114|115|1111
IN-311516-0000019-1,BEARING,311516,Bearings and bushings,TAPER ROLLER BEARING 6003 2RS,EACH,4,4,225|226|227|228
IN-401416-0000013-1,VALVE,401416,Industrial valves,GLOBE PN25 STAINLESS STEEL FLANGED VALVE 25MM,EACH,4,4,1191|1192|1193|1194
IN-401716-0000025-1,PIPE,401716,Pipe and pipe fittings,SCH40 SEAMLESS STAINLESS STEEL 100MM 316 PIPE,METER,1,1,784
IN-261216-0000021-7,CABLE,261216,Electrical wire and cable,CABLE ALUMINIUM 3.3KV PVC MM 3C X 25 ARMOURED SQ,M,1,1,1196
IN-261216-0000022-5,CABLE,261216,Electrical wire and cable,CABLE 2C X 25 SQMM ALUMINIUM PVC ARMOURED 1.1KV,METER,4,4,1100|1101|1103|1104
IN-311516-0000020-5,BEARING,311516,Bearings and bushings,BALL BEARING 30205 2RS,EACH,5,4,71|72|74|844|846
IN-401015-0000025-6,PUMP,401015,Pumps,GEAAR PUMP 10HP CARBON STEEL,EACH,3,3,39|40|41
IN-311616-0000025-1,FASTENER,311616,"Bolts, nuts and fasteners",HEXAGON NUT M10 STAINLESS STEEL 304 GALVANIZED,EACH,6,6,745|746|747|748|749|750
IN-311616-0000026-0,FASTENER,311616,"Bolts, nuts and fasteners",HE* BOLT M8 X 20MM GRADE 8.8 GALVANIZED,EACH,5,5,480|481|482|483|484
IN-401416-0000014-0,VALVE,401416,Industrial valves,GGATE VALVE 100 MM CL150 STAINLESS STEEL SCREWED,EACH,3,3,687|688|689
IN-401716-0000026-0,PIPE,401716,Pipe and pipe fittings,SEAMLESS PIPE 100MM SCH160 STAINLESS STEEEL 316,METER,5,5,631|632|633|634|635
IN-401015-0000026-4,PUMP,401015,Pumps,CENTRIFUGAL PUMP 1HP CARBON STEEL,EACH,2,2,0|1
IN-311516-0000021-3,BEARING,311516,Bearings and bushings,ROLLER BEARING 2RS,EACH,2,1,232|942
IN-311021-0000015-1,GASKET,311021,Gaskets and seals,CL300 25MM GASKET PTFE,EACH,5,5,271|272|273|274|275
IN-401416-0000015-8,VALVE,401416,Industrial valves,GLOBE VALVE 50MM PN16 CARBON STEEL FLANGED,EACH,1,1,1032
IN-311616-0000027-8,FASTENER,311616,"Bolts, nuts and fasteners",HEXAGON BOLT M12 X 40MM STAINLESS STEEL 316 BLACK,EACH,4,4,86|87|88|89
IN-401015-0000027-2,PUMP,401015,Pumps,GEAR PUMP 10HP CCAST IRON,EACH,7,5,248|249|250|251|252|300|862
IN-401416-0000016-6,VALVE,401416,Industrial valves,CHECK VALVE 80MM CL300 STAINLESS STEEL FLANGED,EACH,3,3,603|604|605
IN-311021-0000016-0,GASKET,311021,Gaskets and seals,CAF GASKET 100 CL150,EACH,1,1,775
IN-401015-0000028-0,PUMP,401015,Pumps,GEAR 2HP PUMP STAINLESS STEEL,EACH,4,4,333|335|337|338
IN-401015-0000029-9,PUMP,401015,Pumps,GEAR PMUP 7.5HP CAST IRON,EACH,3,3,1105|1106|1107
IN-261216-0000023-3,CABLE,261216,Electrical wire and cable,CABLE 2C X 35 SQMM ALUMINIUM XLPE UNARMD 3.3KV,METER,4,4,1147|1150|1151|1152
IN-401716-0000027-8,PIPE,401716,Pipe and pipe fittings,ERW PIPE 40 MM SCH80 STAINLESS STEEL 316,METER,5,5,776|777|778|779|780
IN-311616-0000028-6,FASTENER,311616,"Bolts, nuts and fasteners",STUD BOLT M24 X 50 MM GRADE 8.8 BLACK,EACH,6,6,428|429|430|431|432|433
IN-311021-0000017-8,GASKET,311021,Gaskets and seals,RING JOINT GASKET 100MM PN16,EACH,5,5,892|893|894|895|896
IN-401716-0000028-6,PIPE,401716,Pipe and pipe fittings,ERW PIPE 50 MM SCH20 STAINLESS STEEL 316,METER,5,5,1141|1142|1143|1144|1146
IN-401716-0000029-4,PIPE,401716,Pipe and pipe fittings,100MM GALVANIZED IRON SCH160 PIPE ERW,METER,2,2,253|254
IN-401015-0000030-2,PUMP,401015,Pumps,CNT PUMP 2HP STAINLESS STEEL,EACH,1,1,65
IN-401416-0000017-4,VALVE,401416,Industrial valves,25MM CAST WAFER IRON CL150 BALL VALVE,EACH,3,3,101|102|103
IN-401015-0000031-0,PUMP,401015,Pumps,SCREW PUMP 5HP CARBON STEEL,EACH,2,2,751|752
IN-401716-0000030-8,PIPE,401716,Pipe and pipe fittings,ERW PIPE 40 MM SCH80 GALVANIZED IRON,METER,4,4,1007|1008|1009|1010
IN-401416-0000018-2,VALVE,401416,Industrial valves,BUTTERFLY VALVE 100MM PN25 CAST IRON FLANGED,EACH,1,1,523
IN-311616-0000029-4,FASTENER,311616,"Bolts, nuts and fasteners",PLATED 304 M12 ZINC NUT HEXAGON STAINLESS STEEL,EACH,5,5,736|737|738|739|740
IN-311516-0000022-1,BEARING,311516,Bearings and bushings,2RS ROLLER BEARING SPHERICAL,EACH,1,1,1117
IN-311616-0000030-8,FASTENER,311616,"Bolts, nuts and fasteners",HEXAGON BOLT M8 X 80MM STAINLESS STEEL 316 ZINC PLATED,EACH,4,4,1067|1068|1069|1070
IN-311516-0000023-0,BEARING,311516,Bearings and bushings,TAPER ROLLER BEARING 6305 ZZ,EACH,7,6,58|60|203|204|205|206|1047
IN-401015-0000032-9,PUMP,401015,Pumps,CENTRIFUGAL PUMP 2HP CARBON STEEL,EACH,2,2,700|701
IN-401716-0000031-6,PIPE,401716,Pipe and pipe fittings,15MM PIPE WELDED STAINLESS STEEL SCH40 316,METER,7,7,234|235|236|237|238|239|922
IN-401015-0000033-7,PUMP,401015,Pumps,15HP GEAR CAST IRON,EACH,1,1,861
IN-401015-0000034-5,PUMP,401015,Pumps,CENTRIFUGAL PUMP 5HP CAST IRON,EACH,5,5,847|848|849|851|852
IN-261216-0000024-1,CABLE,261216,Electrical wire and cable,CABLE 3.5C X 6 SQMM ALUMINIUM PVC ARMOURED 3.3KV,METER,1,1,1269
IN-311021-0000018-6,GASKET,311021,Gaskets and seals,PTFE GASKET 150MM PN16,EACH,2,2,704|705
IN-261216-0000025-0,CABLE,261216,Electrical wire and cable,CABLE 4C X 4 SQMM ALUMINIUM XLPE ARMOURED 3.3KV,METER,1,1,129
IN-401716-0000032-4,PIPE,401716,Pipe and pipe fittings,ERW PIPE 50 MM SCH40 STAINLESS STEEL 316,METER,1,1,828
IN-401015-0000035-3,PUMP,401015,Pumps,GEAR PUMP 1HP CARBON STEEL,EACH,5,4,143|144|145|624|671
IN-261216-0000026-8,CABLE,261216,Electrical wire and cable,4C X 10 SQMM CABLE 1.1KV ARMOURED COPPER PVC,METER,5,5,465|466|467|468|469
IN-311616-0000031-6,FASTENER,311616,"Bolts, nuts and fasteners",HE X NUT M16 GRADE 10.9 BLACK,EACH,3,3,965|966|967
IN-261216-0000027-6,CABLE,261216,Electrical wire and cable,CABLE 3C X 35 SQMM COPPER PVC UNARMOURED 11KV,METER,4,4,440|441|442|443
IN-261216-0000028-4,CABLE,261216,Electrical wire and cable,CABLE 1C X 6 SQMM COPPER XLPE ARMOURED 3.3KV,METER,4,4,570|571|572|573
IN-311616-0000032-4,FASTENER,311616,"Bolts, nuts and fasteners",SPRING WASHER M10 STAINLESS STEEL 316 PLAIN,EACH,3,3,951|952|953
IN-401416-0000019-0,VALVE,401416,Industrial valves,CHECK VALVE MM CL150 CAST IRON SCREWED,EACH,1,1,148
IN-311021-0000019-4,GASKET,311021,Gaskets and seals,80MM GASKET RING JOINT,EACH,1,1,177
IN-401716-0000033-2,PIPE,401716,Pipe and pipe fittings,SEAMLESS PIPE 50MM SCH40 CARBON STEEL,METER,5,5,1062|1063|1064|1065|1066
IN-401416-0000020-4,VALVE,401416,Industrial valves,BUTTERFLY VALVE 25MM PN16 CAST IRON FLANGED,EACH,4,4,42|43|44|45
IN-311616-0000033-2,FASTENER,311616,"Bolts, nuts and fasteners",STUD BOLT M24 X 25MM STAINLESS STEEL 304 ZINC PLATED,EACH,6,6,1164|1165|1166|1167|1168|1169
IN-401716-0000034-0,PIPE,401716,Pipe and pipe fittings,ERW PIPE 25MM SCH80 STAINLESS STEEL 304,METER,2,2,75|76
IN-401015-0000036-1,PUMP,401015,Pumps,7.5HP CSREW PUMP CAST IRON,EACH,6,6,77|78|79|80|81|82
IN-261216-0000029-2,CABLE,261216,Electrical wire and cable,CABLE 3C X 16 SQMM ALUMINIUM X LPE ARMOURED 11KV,METER,2,2,948|949
IN-311516-0000024-8,BEARING,311516,Bearings and bushings,30205 ZZ BEARING BALL,EACH,2,1,298|873
IN-311021-0000020-8,GASKET,311021,Gaskets and seals,PTFE GASKET 100MM CL150,EACH,3,3,133|134|135
IN-311616-0000034-0,FASTENER,311616,"Bolts, nuts and fasteners",STEEL M12 X 100MM STAINLESS 304 PLAIN HEXAGON BOLT,EACH,2,2,694|695
IN-401416-0000021-2,VALVE,401416,Industrial valves,CHECK VALVE 50MM CL300 CARBON STEEL WAFER,EACH,5,5,800|801|802|803|804
IN-311616-0000035-9,FASTENER,311616,"Bolts, nuts and fasteners",SUD BOLT M6 X 25MM GRADE 8.8 PLAIN,EACH,1,1,837
IN-261216-0000030-6,CABLE,261216,Electrical wire and cable,CABLE 2C X 50 SQMM COPPER XLPE UNARMOURED 3.3KV,METER,6,6,2|3|4|5|6|7
IN-401416-0000022-0,VALVE,401416,Industrial valves,BUTTERFLY VALVE 150MM PN25 CAST IRON FLANGED,EACH,3,3,1270|1271|1272
IN-311516-0000025-6,BEARING,311516,Bearings and bushings,2RS ROLLER BEARIG TAPER,EACH,1,1,880
IN-401416-0000023-9,VALVE,401416,Industrial valves,WAFER STEEL GATE CL150 100MM STAINLESS VALVE,EACH,2,2,360|361
IN-401416-0000024-7,VALVE,401416,Industrial valves,BUTTERFLY VALVE 80MM PN25 CARBON STEEL SCREWED,EACH,5,5,999|1000|1001|1002|1003
IN-261216-0000031-4,CABLE,261216,Electrical wire and cable,CABLE 3.5C X 1.5 SQMM ALUMINIUM XLPE UNARMOURED 11KV,METER,2,2,502|504
IN-401716-0000035-9,PIPE,401716,Pipe and pipe fittings,SEAMLESS PIPE 15MM SCH40 IRON,METER,1,1,557
IN-401716-0000036-7,PIPE,401716,Pipe and pipe fittings,ERW PIPE 15 MM SCH160 GALVANIZED IRON,METER,4,4,461|462|463|464
IN-261216-0000032-2,CABLE,261216,Electrical wire and cable,CABLE 3.5C X 1.5 SQMM ALUMINIUM PVC ARMOURED 1.1KV,METER,4,4,120|121|122|123
IN-401716-0000037-5,PIPE,401716,Pipe and pipe fittings,SEAMLESS PIPE 80MM SCH40 STAINLESS STEEL 316,METER,6,6,472|473|474|475|476|477
IN-311021-0000021-6,GASKET,311021,Gaskets and seals,PN16 GASKET PPTFE 50,EACH,1,1,874
IN-401716-0000038-3,PIPE,401716,Pipe and pipe fittings,SEAMLESS PIPE MM SCH160 STAINLESS STEEL 316,M,2,2,1221|1223
IN-261216-0000033-0,CABLE,261216,Electrical wire and cable,CABLE 3.5C X 4 SQMM ALUMINIUM XLPE ARMOURED 1.1KV,METER,3,3,66|67|68
IN-311516-0000026-4,BEARING,311516,Bearings and bushings,BEARING 30210 2RS ROLLER,EACH,2,2,230|231
IN-311021-0000022-4,GASKET,311021,Gaskets and seals,PFTE GASKET 80MM CL150,EACH,1,1,1255
IN-401716-0000039-1,PIPE,401716,Pipe and pipe fittings,SEAMLESS PIPE 50MM SCH160 STAINLESS STEEL 304,METER,3,3,384|385|386
IN-311516-0000027-2,BEARING,311516,Bearings and bushings,TAPER ROLLER BRRNG 6305,EACH,1,1,59
IN-401716-0000040-5,PIPE,401716,Pipe and pipe fittings,SEAMLESS PIPE 15MM SCH40 GALVANIZED IRON,METER,4,4,555|556|558|560
IN-401015-0000037-0,PUMP,401015,Pumps,SUBMERSIIBLE PUMP 10HP STAINLESS STEEL,EACH,3,3,149|150|881
IN-261216-0000034-9,CABLE,261216,Electrical wire and cable,ARMOURED SQMM CABLE XLPE ALUMINIUM 1C X 4 1.1KV,METER,1,1,155
IN-311516-0000028-0,BEARING,311516,Bearings and bushings,SPHERICAL ROLLER BEARING 6205 ZZ,EACH,5,5,645|646|647|648|649
IN-311516-0000029-9,BEARING,311516,Bearings and bushings,BEARING 6307 2RS ROLLER,EACH,3,3,297|754|755
IN-000000-0000002-7,OTHER,000000,Unclassified,STEEL SCREWED CHECK VAVE STAINLESS CL300 200MM,EACH,1,1,1132
IN-261216-0000035-7,CABLE,261216,Electrical wire and cable,CABLE 1C X 50 SQMM COPPER PVC UNARMOURED 1.1KV,METER,6,6,185|186|187|188|189|190
IN-311516-0000030-2,BEARING,311516,Bearings and bushings,BALL BEARING 6205 ZZ,EACH,7,5,260|261|262|263|264|536|538
IN-401716-0000041-3,PIPE,401716,Pipe and pipe fittings,ERW PIIPE 80MM SCH40 STAINLESS STEEL 316,METER,5,5,378|379|380|382|383
IN-261216-0000036-5,CABLE,261216,Electrical wire and cable,CABLE 4C X 2.5 SQMM ALUMINIUM XLPE ARMOURED 11KV,METER,6,6,968|969|970|971|972|973
IN-261216-0000037-3,CABLE,261216,Electrical wire and cable,CABLE 1C X 1.5 SQMM COPPER XLPE ARMOURED 3.3KV,METER,2,2,743|744
IN-311021-0000023-2,GASKET,311021,Gaskets and seals,PTFE GASKET PN16,EACH,1,1,708
IN-311616-0000036-7,FASTENER,311616,"Bolts, nuts and fasteners",8.8 M20 GRADE WASHER BLACK SPRING,EACH,1,1,53
IN-401015-0000038-8,PUMP,401015,Pumps,CENTRIFUGAL PUMP 10HP CAST IRRON,EACH,4,4,808|809|811|812
IN-401416-0000025-5,VALVE,401416,Industrial valves,GLOBE VALVE 25MM PN25 CAST IRON WAFER,EACH,2,2,339|340
IN-401716-0000042-1,PIPE,401716,Pipe and pipe fittings,ERW PIIPE 15MM SCH160 CARBON STEEL,METER,4,4,389|391|392|393
IN-261216-0000038-1,CABLE,261216,Electrical wire and cable,CABLE 1C X 4 SQMM ALUMINIUM PVC ARMOURED 11KV,METER,2,2,1162|1163
IN-311516-0000031-0,BEARING,311516,Bearings and bushings,NU309 BEARING BALL,EACH,1,1,816
IN-311616-0000037-5,FASTENER,311616,"Bolts, nuts and fasteners",SPRING WASHER M10 STAINLEESS STEEL 316 ZINC PLATED,EACH,2,2,741|742
IN-311021-0000024-0,GASKET,311021,Gaskets and seals,SPIRAL WOUND AGSKET 50 MM CL150,EACH,2,2,773|774
IN-311616-0000038-3,FASTENER,311616,"Bolts, nuts and fasteners",SPRING WASHER M6 STAINLESS STEEL 316 GALVANIZED,EACH,1,1,1113
IN-401716-0000043-0,PIPE,401716,Pipe and pipe fittings,SEAMLESS PIPE 80MM SCH20 GALVANIZED IRON,METER,4,4,1176|1178|1179|1180
IN-401416-0000026-3,VALVE,401416,Industrial valves,CHECK VALVE 200MM CL300 STAINLESS STEEL WAFER,EACH,3,3,83|84|85
IN-401015-0000039-6,PUMP,401015,Pumps,GAR PUMP 15HP CAST IRON,EACH,1,1,860
IN-261216-0000039-0,CABLE,261216,Electrical wire and cable,CABLE 2C X 10 SQMM ALUMINIUM PVC UNARMOURED 3.3KV,METER,4,3,397|935|936|937
IN-311516-0000032-9,BEARING,311516,Bearings and bushings,BAALL BEARING 6205,EACH,1,1,537
IN-401015-0000040-0,PUMP,401015,Pumps,SUBMERSIBLE PUMP 2HP STAINLESS STEEL,EACH,6,6,954|955|956|957|958|959
IN-311516-0000033-7,BEARING,311516,Bearings and bushings,TAPER ROLLER BEARING 6206 2RS,EACH,5,5,539|540|541|542|543
IN-000000-0000003-5,OTHER,000000,Unclassified,JOINT RING PN16 100MM,EACH,1,1,891
IN-401015-0000041-8,PUMP,401015,Pumps,GEEAR PUMP 15HP CARBON STEEL,EACH,2,2,670|672
IN-261216-0000040-3,CABLE,261216,Electrical wire and cable,CABLE 2C X 10 SQMM ALUMINIUM XLPE UNARM 1.1KV,METER,3,3,651|652|653
IN-311021-0000025-9,GASKET,311021,Gaskets and seals,SPIRAL WOUND GASKET 25MM CL150,EACH,6,5,434|435|436|437|439|731
IN-401015-0000042-6,PUMP,401015,Pumps,CENTRIFUGAL PUMP 1HP CAST IRON,EACH,3,3,790|791|792
IN-311616-0000039-1,FASTENER,311616,"Bolts, nuts and fasteners",ALLEN BOLT M24 X 20MM GRADE 10.9 PLAIN,EACH,4,4,13|14|15|16
IN-401015-0000043-4,PUMP,401015,Pumps,SUBMERSIBLE PUMP 15HP CAST IRON,EACH,4,4,90|91|92|93
IN-401716-0000044-8,PIPE,401716,Pipe and pipe fittings,ERW PIPE 50MM SCH80 GALVANIZED IRON,METER,4,4,256|257|258|259
IN-311616-0000040-5,FASTENER,311616,"Bolts, nuts and fasteners",M12 X 20MM HEXAGON GRADE BOLT 10.9 ZINC PLATED,EACH,4,4,46|47|48|49
IN-401015-0000044-2,PUMP,401015,Pumps,GEAR STAINLESS STEEEL 7.5HP PUMP,EACH,5,5,492|493|494|495|496
IN-401416-0000027-1,VALVE,401416,Industrial valves,CHECK VALVE 200MM PN16 CARBON STEEL WAFER,EACH,1,1,1033
IN-311616-0000041-3,FASTENER,311616,"Bolts, nuts and fasteners",ALLEN BOLT M6 X 50MM GRADE 10.9 ZINC PLATED,EACH,5,5,785|786|787|788|789
IN-401716-0000045-6,PIPE,401716,Pipe and pipe fittings,SEAMLESS PIPPE 150MM SCH40 GALVANIZED IRON,METER,3,3,562|563|564
IN-401416-0000028-0,VALVE,401416,Industrial valves,BUTTERFLY VALVE 50MM PN16 CARBON STEEL SCREWED,EACH,3,3,1153|1154|1155
IN-261216-0000041-1,CABLE,261216,Electrical wire and cable,CABLE 2C X 10 SQMM ALUMINIUM XLPE UNARMOURED 1.1KV,M,1,1,650
IN-261216-0000042-0,CABLE,261216,Electrical wire and cable,CABLE 4C X 50 SQMM ALUMINIUM XLPE UNARMD 1.1KV,METER,3,3,1004|1005|1006
IN-000000-0000004-3,OTHER,000000,Unclassified,SUBMERSIBLE PUUMP CARBON STEEL,EACH,1,1,411
IN-401716-0000046-4,PIPE,401716,Pipe and pipe fittings,MSLS PIPE 150MM SCH40 STAINLESS STEEL 304,M,1,1,97
IN-311021-0000026-7,GASKET,311021,Gaskets and seals,CAF GASKET 100MM CL300,EACH,2,2,1123|1124
IN-311021-0000027-5,GASKET,311021,Gaskets and seals,PTFE GASKET 150 MM CL150,EACH,5,5,497|498|499|500|501
IN-311516-0000034-5,BEARING,311516,Bearings and bushings,TAPER ROLLER BEARING 22210 2RS,EACH,4,4,876|877|878|879
IN-311516-0000035-3,BEARING,311516,Bearings and bushings,ROLLER BEARING 6305 2RS,EACH,6,6,1156|1157|1158|1159|1160|1161
IN-401716-0000047-2,PIPE,401716,Pipe and pipe fittings,SEAMLESS PIPE 40MM SCH80 STAINLESS STEEL 316,M,1,1,726
IN-311021-0000028-3,GASKET,311021,Gaskets and seals,PTFE GASKET 25MM CL150,EACH,3,3,287|288|289
IN-261216-0000043-8,CABLE,261216,Electrical wire and cable,CABLE 2C X 35 SQMM ALUMINIUM X LPE UNARMOURED 3.3KV,M,2,2,1148|1149
IN-311021-0000029-1,GASKET,311021,Gaskets and seals,CL150 JOINT RING 25MM GASKET,EACH,1,1,1099
IN-261216-0000044-6,CABLE,261216,Electrical wire and cable,CABLE MM 3.3KV SQ COPPER 4C X 50 PVC UNAMRD,M,1,1,165
IN-261216-0000045-4,CABLE,261216,Electrical wire and cable,CABLE 2C X 4 SQMM COPPER PVC ARMOURED 1.1KV,METER,6,6,218|219|220|221|222|223
IN-401716-0000048-0,PIPE,401716,Pipe and pipe fittings,WELDED PIPE 80MM SCH160 STAINLESS STEEL 304,METER,1,1,1140
IN-311616-0000042-1,FASTENER,311616,"Bolts, nuts and fasteners",4.6 PLATED GRADE M16 X 20MM HEXAGON BOLT ZINC,EACH,4,4,1125|1126|1127|1128
IN-401015-0000045-0,PUMP,401015,Pumps,STAINLESS 5HP STEEL PUMP SCREEW,EACH,2,2,124|125
IN-401416-0000029-8,VALVE,401416,Industrial valves,GATE VALVE 80MM CL300 CAST IRON WAFER,EACH,2,2,841|842
IN-311516-0000036-1,BEARING,311516,Bearings and bushings,ROLER BEARING 2RS,EACH,1,1,940
IN-311516-0000037-0,BEARING,311516,Bearings and bushings,ROLLER BEARING 6305 ZZ SPHERICAL,EACH,3,3,126|127|128
IN-311616-0000043-0,FASTENER,311616,"Bolts, nuts and fasteners",STUD BOLT M20 X 20MM STAINLESS STEEL 304 GALVANIZED,EACH,4,4,1084|1085|1086|1088
IN-401015-0000046-9,PUMP,401015,Pumps,CENTTRIF 5HP PUMP STAINLESS STEEL,EACH,1,1,356
IN-261216-0000046-2,CABLE,261216,Electrical wire and cable,CABLE 2C X 10 SQMM ALUMINIUM PVC ARMOURED 3.3KV,METER,5,5,1015|1016|1017|1018|1019
IN-401716-0000049-9,PIPE,401716,Pipe and pipe fittings,WELDED PIPE 25MM CARBON STEEL,M,1,1,888
IN-311021-0000030-5,GASKET,311021,Gaskets and seals,GASKET WOUND MM SPIRAL 80 CL150,EACH,1,1,1021
IN-311616-0000044-8,FASTENER,311616,"Bolts, nuts and fasteners",STUD BOLT M6 X 25MM GRADE 8.8 PLAIN,EACH,5,5,835|836|838|839|840
IN-401015-0000047-7,PUMP,401015,Pumps,GEAR PUMP 25HP CARBON STEEL,EACH,3,3,621|622|623
IN-401416-0000030-1,VALVE,401416,Industrial valves,BALL VALVE 50 MM PN25 CAST IRON FLANGED,EACH,5,5,1135|1136|1137|1138|1139
IN-311021-0000031-3,GASKET,311021,Gaskets and seals,RIING JOINT GASKET CL150 150MM,EACH,2,2,758|759
IN-311516-0000038-8,BEARING,311516,Bearings and bushings,ROLLER BEARING 6003 2RS,EACH,2,2,478|479
IN-261216-0000047-0,CABLE,261216,Electrical wire and cable,CABLE 3C X 2.5 SQMM COPPER PVC UNARMOURED 1.1KV,METER,4,4,54|55|56|57
IN-261216-0000048-9,CABLE,261216,Electrical wire and cable,CABLE ALUMINIUM 3.3KV UNARMOURED 3C X 35 SQMM PVC,METER,7,6,308|309|310|311|960|961|964
IN-401015-0000048-5,PUMP,401015,Pumps,CAST IRON 7.5HP PUMP SUBMERSIBLE,EACH,3,3,989|990|991
IN-000000-0000005-1,OTHER,000000,Unclassified,CHECK AVLVE 80MM CL300 STAINLESS STEEL FLANGED,EACH,2,2,577|606
IN-311616-0000045-6,FASTENER,311616,"Bolts, nuts and fasteners",GRADE 4.6 PLAIN AWSHER SPRING M12,EACH,5,5,487|488|489|490|491
IN-261216-0000049-7,CABLE,261216,Electrical wire and cable,4C X 6 SQMM 11KV ALUMINIUM ARMOURED CABLE PVC,METER,3,3,710|905|906
IN-311516-0000039-6,BEARING,311516,Bearings and bushings,BEARING 22210 ROLLER,EACH,1,1,343
IN-401015-0000049-3,PUMP,401015,Pumps,2HP STAINLESS STEEL PUMP GERA,EACH,1,1,334
IN-311021-0000032-1,GASKET,311021,Gaskets and seals,WOUND GASKET CL300 SPIRAL 150MM,EACH,4,4,732|733|734|735
IN-401416-0000031-0,VALVE,401416,Industrial valves,GATE VALVE 50MM CL300 CAST IRON FLANGED,EACH,4,4,362|363|364|365
IN-401416-0000032-8,VALVE,401416,Industrial valves,BALL VALVE 150MM CL300 CARBON STEEL FLANGED,EACH,3,3,1243|1244|1245
IN-311021-0000033-0,GASKET,311021,Gaskets and seals,PTEF GASKET 150MM PN16,EACH,1,1,707
IN-311516-0000040-0,BEARING,311516,Bearings and bushings,ROLLER 6206 BEARING TAAPER,EACH,1,1,1035
IN-311021-0000034-8,GASKET,311021,Gaskets and seals,SPIRAL WOUND GASKET 150MM CL150,EACH,4,4,1011|1012|1013|1014
IN-261216-0000050-0,CABLE,261216,Electrical wire and cable,CABLE 2C X 6 SQMM ALUMINIUM PVC ARMOURED 3.3KV,METER,2,2,517|518
IN-401416-0000033-6,VALVE,401416,Industrial valves,CHECK VALVE 100MM CL150 STAINLESS STEEL FLANGED,EACH,2,2,1231|1232
IN-311616-0000046-4,FASTENER,311616,"Bolts, nuts and fasteners",STUD BOLT M16 X 100MM STAINLESS STEEL 316 PLAIN,EACH,2,2,1108|1109
IN-401015-0000050-7,PUMP,401015,Pumps,UPMP 1HP GEAR,EACH,1,1,301
IN-261216-0000051-9,CABLE,261216,Electrical wire and cable,CABLE 1C X 4 SQMM ALUMINIUM X LPE ARMOURED 1.1KV,M,1,1,156
IN-401416-0000034-4,VALVE,401416,Industrial valves,BALL VALVE 40MM CL300 STAINLESS STEEL WAFER,EACH,3,3,151|152|154
IN-401015-0000051-5,PUMP,401015,Pumps,GEAR PUMP 1HP STAINLESS STEEL,EACH,6,6,142|146|1212|1214|1215|1216
IN-311616-0000047-2,FASTENER,311616,"Bolts, nuts and fasteners",HEXAGON NUT M12 GRADE 4.6 GALVANIZED,EACH,2,2,157|158
IN-401015-0000052-3,PUMP,401015,Pumps,25HP CARBON STEEL CENTRIFUGAL PUMP,EACH,3,3,696|697|699
IN-311516-0000041-8,BEARING,311516,Bearings and bushings,ROLLER BEARING 6205 ZZ,EACH,2,2,1260|1261
IN-311616-0000048-0,FASTENER,311616,"Bolts, nuts and fasteners",304 GALVD M16 X 40MM BOLT STUD STAINLESS STEEL,EACH,1,1,1116
IN-401015-0000053-1,PUMP,401015,Pumps,GERA PUMP CARBON STEEL,EACH,1,1,147
IN-401716-0000050-2,PIPE,401716,Pipe and pipe fittings,ERW PIPE 100MM SCH80 STAINLESS STEEL 304,METER,3,3,979|980|982
IN-311021-0000035-6,GASKET,311021,Gaskets and seals,SPIRAL WOUND GASKET 80MM CL150,EACH,4,4,1020|1022|1023|1024
IN-401416-0000035-2,VALVE,401416,Industrial valves,BUTTERFLY VALVE 100MM CL150 CARBON STEEL SCREWED,EACH,3,3,404|405|406
IN-401716-0000051-0,PIPE,401716,Pipe and pipe fittings,SEAMLESS PIPE 150MM SCH160 STAINLESS STEEL 316,METER,4,4,1220|1222|1224|1225
IN-311616-0000049-9,FASTENER,311616,"Bolts, nuts and fasteners",HEXAGON NUT M8 STAINLESS STEEL 316 ZINC PLATED,EACH,2,2,601|602
IN-311516-0000042-6,BEARING,311516,Bearings and bushings,ROLLER BEARING 22210 ZZ,EACH,4,4,342|344|345|346
IN-401716-0000052-9,PIPE,401716,Pipe and pipe fittings,SEAMLESS PIPE 40MM SCH80 STAINLESS STEEL 316,METER,3,3,723|724|725
IN-311616-0000050-2,FASTENER,311616,"Bolts, nuts and fasteners",4.6 WASHER M8 SPRING GGALVANIZED GRADE,EACH,5,5,278|279|280|281|282
IN-261216-0000052-7,CABLE,261216,Electrical wire and cable,UNARMOURED CABLE 3.3KV ALUMINIUM XLPE SQMM 3.5C X 2.5,METER,1,1,1273
IN-311516-0000043-4,BEARING,311516,Bearings and bushings,BALL BEARING NU309,EACH,3,3,813|814|815
IN-401015-0000054-0,PUMP,401015,Pumps,CENTRIFUGAL PUMP 15HP STAINLESS STEEL,EACH,1,1,224
IN-401716-0000053-7,PIPE,401716,Pipe and pipe fittings,WELDED PIPE 40MM SCH40 CARBON STEEL,METER,2,2,932|933
IN-311516-0000044-2,BEARING,311516,Bearings and bushings,ROLLER BEARING ZZ,EACH,2,2,341|421
IN-401716-0000054-5,PIPE,401716,Pipe and pipe fittings,GALVD SCH40 PIPE IRON EAMLESS 80MM,METER,2,2,593|594
IN-261216-0000053-5,CABLE,261216,Electrical wire and cable,CABLE 2C X 25 SQMM ALUMINIUM XLPE UNARMOURED 11KV,METER,5,5,579|580|581|582|583
IN-401716-0000055-3,PIPE,401716,Pipe and pipe fittings,ERW PIPE 25 MM SCH160 STAINLESS STEEL 304,METER,1,1,395
IN-311021-0000036-4,GASKET,311021,Gaskets and seals,CAF GASKET 25MM CL150,EACH,2,2,109|110
IN-401416-0000036-0,VALVE,401416,Industrial valves,CHECK VALVE 150MM PN16 CAST IRON SCREWED,EACH,2,2,69|70
IN-401416-0000037-9,VALVE,401416,Industrial valves,BALL VALVE 40 MM CL300 STAINLESS SEEL SCREWED,EACH,1,1,992
IN-401015-0000055-8,PUMP,401015,Pumps,CARBON STEEL CEENT 10HP PUMP,EACH,1,1,686
IN-401716-0000056-1,PIPE,401716,Pipe and pipe fittings,GALVANIZED IRON PIPE SCH40 25MM SEAMLESS,METER,2,2,387|388
IN-401716-0000057-0,PIPE,401716,Pipe and pipe fittings,ERW PIPE 100MM SCH80 STAINLESS STEEL 304,M,1,1,981
IN-311516-0000045-0,BEARING,311516,Bearings and bushings,RLOLER BEARING 6307,EACH,1,1,296
IN-311021-0000037-2,GASKET,311021,Gaskets and seals,SPIRAL WUND GASKET 100 PN16,EACH,1,1,1218
IN-311516-0000046-9,BEARING,311516,Bearings and bushings,ABLL BEARING 22210,EACH,1,1,798
IN-311021-0000038-0,GASKET,311021,Gaskets and seals,RNG GASKET 150 MM CL150,EACH,1,1,761
IN-000000-0000006-0,OTHER,000000,Unclassified,GLOBE VALEV 25MM PN25 STAINLESS STEEL FLANGED,EACH,1,1,1195
IN-311021-0000039-9,GASKET,311021,Gaskets and seals,PTFE GSKET CL300,EACH,1,1,1210
IN-311616-0000051-0,FASTENER,311616,"Bolts, nuts and fasteners",PLAIN WASHER M20 GRADE 8.8 GALVANIZED,EACH,2,2,659|660
IN-311021-0000040-2,GASKET,311021,Gaskets and seals,PTTFE GASKET 80 MM CL150,EACH,2,2,1253|1254
IN-261216-0000054-3,CABLE,261216,Electrical wire and cable,CABLE 2C X SQMM ALUMINIUM PVC ARMOURED 1.1KV,M,1,1,1102
IN-311021-0000041-0,GASKET,311021,Gaskets and seals,MM CL150 80 PTFE,EACH,1,1,1252
IN-311516-0000047-7,BEARING,311516,Bearings and bushings,6305 ROLLER BEARING TAPER,EACH,1,1,61
IN-401716-0000058-8,PIPE,401716,Pipe and pipe fittings,ERW PIPE 80MM SCH40 STAINLESS STEEL 316,M,1,1,381
IN-401015-0000056-6,PUMP,401015,Pumps,2HP SUBMERSIBLE CARBON STEEL,EACH,2,2,553|554
IN-401015-0000057-4,PUMP,401015,Pumps,10HP PUMP CNT CARBON STEEL,EACH,1,1,684
IN-311616-0000052-9,FASTENER,311616,"Bolts, nuts and fasteners",316 BLACK HEXAGON BOLT STEEL STAINLESS M10 X 100MM,EACH,2,2,642|643
IN-401015-0000058-2,PUMP,401015,Pumps,SCREW PUMP 5HP CAST IRON,EACH,2,2,168|169
IN-261216-0000055-1,CABLE,261216,Electrical wire and cable,CABLE 3C X 25 SQMM COPPER PVC ARMOURED 11KV,METER,2,2,160|161
IN-401015-0000059-0,PUMP,401015,Pumps,GEAR PUMP STAINLESS STEEEL,EACH,1,1,1213
IN-311616-0000053-7,FASTENER,311616,"Bolts, nuts and fasteners",PLAIN WASHER M12 GRADE 4.6 ZINC PLATED,EACH,3,3,400|401|403
IN-401716-0000059-6,PIPE,401716,Pipe and pipe fittings,SEAMLESS PIPE 80MM SCH20 GALVANIZED IRON,M,1,1,1177
IN-311616-0000054-5,FASTENER,311616,"Bolts, nuts and fasteners",SPRING WASHER M24 STAINLESS 316 PLAIN,EACH,4,4,868|869|870|1115
IN-261216-0000056-0,CABLE,261216,Electrical wire and cable,1.1KV COPPER UNARMD PVC CABLE SQMM 2C X 1.5,METER,4,4,191|192|193|194
IN-401015-0000060-4,PUMP,401015,Pumps,CENTRIFUGAL 1HP STAINLESS STEEL,EACH,1,1,872
IN-311616-0000055-3,FASTENER,311616,"Bolts, nuts and fasteners",BOLT 8.8 M12 X 65MM PLAIN SSTUD GRADE,EACH,1,1,322
IN-401716-0000060-0,PIPE,401716,Pipe and pipe fittings,ERW PIPE 15MM SCH160 GALVANIZED IRON,M,1,1,460
IN-261216-0000057-8,CABLE,261216,Electrical wire and cable,CABLE SQMM COPPER PVC ARMOURED 3.3KV,M,1,1,721
IN-401716-0000061-8,PIPE,401716,Pipe and pipe fittings,SEAMLESS PIPE 15MM SCH80 STAINLESS STEEL 316,METER,1,1,1055
IN-311516-0000048-5,BEARING,311516,Bearings and bushings,6003 2RS BEARING SPHERICAL ROLLER,EACH,2,2,551|552
IN-261216-0000058-6,CABLE,261216,Electrical wire and cable,CABLE 3C X 1.5 SQMM ALUMINIUM PVC ARMOURED 1.1KV,METER,3,3,50|51|52
IN-401716-0000062-6,PIPE,401716,Pipe and pipe fittings,ERW PIPE SCH160 GALLVD IRON,METER,1,1,255
IN-401015-0000061-2,PUMP,401015,Pumps,CENTTRIF PUMP 5HP CAST IRON,EACH,1,1,850
IN-311516-0000049-3,BEARING,311516,Bearings and bushings,TAPER ROLLER BEARING 22210 ZZ,EACH,2,2,506|1048
IN-311516-0000050-7,BEARING,311516,Bearings and bushings,ROLLER BEARING 2RS TAPER 6307,EACH,3,3,98|99|100
IN-311616-0000056-1,FASTENER,311616,"Bolts, nuts and fasteners",PLAIN WASHER M20 GRADE 8.8 GALVD,EACH,3,3,656|657|658
IN-311516-0000051-5,BEARING,311516,Bearings and bushings,ROLLER BEARING NU309 ZZ,EACH,3,3,817|818|930
IN-000000-0000007-8,OTHER,000000,Unclassified,GST WOUND SPIRAL CL300,EACH,1,1,347
IN-311021-0000042-9,GASKET,311021,Gaskets and seals,25MM CAF GASKET,EACH,1,1,108
IN-311021-0000043-7,GASKET,311021,Gaskets and seals,SPIRAL WOUND MM 25 CL150,EACH,1,1,438
IN-401716-0000063-4,PIPE,401716,Pipe and pipe fittings,ERW PIPE 40MM SCH160 CARBON STEEL,METER,2,2,130|131
IN-401716-0000064-2,PIPE,401716,Pipe and pipe fittings,SCH40 25MM 316 STAINLESS STEEL SEAMLESS PIPE,METER,1,1,1034
IN-401416-0000038-7,VALVE,401416,Industrial valves,CHECK VALVE 80MM CL150 STAINLESS STEEL WAFER,EACH,1,1,644
IN-261216-0000059-4,CABLE,261216,Electrical wire and cable,CABLE 4C X 25 SQMM COPPER PVC UNARMD 11KV,M,1,1,486
IN-401716-0000065-0,PIPE,401716,Pipe and pipe fittings,WELDED PIPE 25MM SCH160 CARBON STEEL,METER,2,2,887|890
IN-401716-0000066-9,PIPE,401716,Pipe and pipe fittings,ERW PIPE 15MM SCH20 STAINLESS STEEL 316,METER,1,1,132
IN-000000-0000008-6,OTHER,000000,Unclassified,GEAR PUMMP CAST IRON,EACH,1,1,247
IN-311021-0000044-5,GASKET,311021,Gaskets and seals,150 PTFE MM GASKTE PN16,EACH,1,1,706
IN-401015-0000062-0,PUMP,401015,Pumps,GEAR PUMP 2HP,EACH,1,1,336
IN-401416-0000039-5,VALVE,401416,Industrial valves,STEEL CARBON CL150 BUTTERFLY FLANGED 100MM VALVE,EACH,1,1,693
IN-311616-0000057-0,FASTENER,311616,"Bolts, nuts and fasteners",10.9 20MM GRADE M10 STUD X BLACK BOLT,EACH,2,2,928|929
IN-311516-0000052-3,BEARING,311516,Bearings and bushings,SPHERICAL ROLLER BEARING 51110 2RS,EACH,3,3,805|806|807
IN-401015-0000063-9,PUMP,401015,Pumps,GEAR PUMP 2HP CAST IRON,EACH,1,1,655
IN-311516-0000053-1,BEARING,311516,Bearings and bushings,ROLLER BEARING 6204,EACH,1,1,1242
IN-311616-0000058-8,FASTENER,311616,"Bolts, nuts and fasteners",HEXAGON PLAIN M16 STEEL 304 NUT STAINLESS,EACH,3,3,527|528|529
IN-311616-0000059-6,FASTENER,311616,"Bolts, nuts and fasteners",SPRING WASHER M6 STAINLESS STEEL 304 GALVANIZED,EACH,2,2,377|1114
IN-311516-0000054-0,BEARING,311516,Bearings and bushings,BALL BEARIGN 6204,EACH,1,1,771
IN-401015-0000064-7,PUMP,401015,Pumps,STEEL STAINLESS CENTRIFUGAL PUMP,EACH,1,1,62
IN-311516-0000055-8,BEARING,311516,Bearings and bushings,ROLLER ZZ 6003 BEARING TAPER,EACH,1,1,1175
IN-311021-0000045-3,GASKET,311021,Gaskets and seals,PTFE GASKET 50MM PN16,EACH,1,1,875
IN-311516-0000056-6,BEARING,311516,Bearings and bushings,TAPER ROLLER BEARING 6204,EACH,2,2,320|321
IN-401416-0000040-9,VALVE,401416,Industrial valves,GLOBE VALVE 150MM CL150 STAINLESS STEEL FLANGE,EACH,1,1,240
IN-261216-0000060-8,CABLE,261216,Electrical wire and cable,CABLE 3.5C X 2.5 SQMM COPPER XLPE ARMOURED 1.1KV,M,1,1,330
IN-401416-0000041-7,VALVE,401416,Industrial valves,GLOBE VALVE 200MM CL150 CAST IRON FLANGED,EACH,1,1,159
IN-401716-0000067-7,PIPE,401716,Pipe and pipe fittings,150MM WELDED PIPE SCH20 304 STAINLESS STEEL,METER,1,1,241
IN-000000-0000009-4,OTHER,000000,Unclassified,PMUP CAST IRON CENTRIFUGAL,EACH,1,1,810
IN-311516-0000057-4,BEARING,311516,Bearings and bushings,BALL BEARING 2RS,EACH,1,1,73
IN-261216-0000061-6,CABLE,261216,Electrical wire and cable,CABLE 4C X 4 SQMM COPPER PVC ARMOURED 3.3KV,METER,3,3,719|720|722
IN-401716-0000068-5,PIPE,401716,Pipe and pipe fittings,SCH40 PIPE 150MM SEAMLESS GALVANIZED RION,METER,1,1,561
IN-311616-0000060-0,FASTENER,311616,"Bolts, nuts and fasteners",STAINLESS M6 NUT 316 GALVANIZED HEXAGON STEEL,EACH,1,1,8
IN-401716-0000069-3,PIPE,401716,Pipe and pipe fittings,WELDED PIPE 25MM SCH160,M,1,1,889
IN-311021-0000046-1,GASKET,311021,Gaskets and seals,RING JOINT 150MM CL300 GASKET,EACH,1,1,993
IN-401015-0000065-5,PUMP,401015,Pumps,SUBMERSSIBLE PUMP CAST IRON,EACH,1,1,883
IN-261216-0000062-4,CABLE,261216,Electrical wire and cable,3.3KV CABLE UNARMOURED XLPE ALUMINIUM 3C X 35 SQMM,METER,1,1,963
IN-401015-0000066-3,PUMP,401015,Pumps,10HP SUBMERSIBLE CAST IRON PUMP,EACH,3,3,882|884|885
IN-261216-0000063-2,CABLE,261216,Electrical wire and cable,ALUMINIUM CABLE 11KV 3C X 16 SMM XLPE,METER,1,1,950
IN-401716-0000070-7,PIPE,401716,Pipe and pipe fittings,ERW PIPE 50 MM SCH20 STAINLESS STEEL 316,M,1,1,1145
IN-401716-0000071-5,PIPE,401716,Pipe and pipe fittings,WLEDED STEEL 40MM PIPE CARBON,M,1,1,934
IN-261216-0000064-0,CABLE,261216,Electrical wire and cable,CABLE 1C X 10 SQMM ALUMINIUM XLPE UNARMD 11KV,METER,1,1,931
IN-261216-0000065-9,CABLE,261216,Electrical wire and cable,CABLE 4C X 4 SQMM ALUMINIUM PVC ARMOUURED 11KV,METER,1,1,709
IN-311516-0000058-2,BEARING,311516,Bearings and bushings,BALL BEARIING 30205,EACH,1,1,843
IN-401716-0000072-3,PIPE,401716,Pipe and pipe fittings,STAINLESS SCH160 150MM 316 ELDED STEEL,METER,1,1,566
IN-000000-0000010-8,OTHER,000000,Unclassified,40MM WAFER CL300 STAINLESS STEEL BALL,EACH,1,1,153
IN-311021-0000047-0,GASKET,311021,Gaskets and seals,MM PTFE PN16 GASKET 150,EACH,1,1,703
IN-311021-0000048-8,GASKET,311021,Gaskets and seals,RIG JOINT GASKET 150MM CL150,EACH,1,1,760
IN-401716-0000073-1,PIPE,401716,Pipe and pipe fittings,ERW PIPE 100MM SCH40 STAINLESS STEEL 316,METER,1,1,654
IN-401716-0000074-0,PIPE,401716,Pipe and pipe fittings,WELDED PIE 25MM SCH40 STAINLESS STEEL 316,METER,1,1,702
IN-311021-0000049-6,GASKET,311021,Gaskets and seals,PTFE GSSKT 100MM,EACH,1,1,1211
IN-261216-0000066-7,CABLE,261216,Electrical wire and cable,11KV ALUMINIUM CABLE SQMM XLPE 3.5C X 1.5 UNARMOURED,M,2,2,229|503
IN-311516-0000059-0,BEARING,311516,Bearings and bushings,TAPER ROLLER BEEARING 30210,EACH,1,1,290
IN-311021-0000050-0,GASKET,311021,Gaskets and seals,PTFE GASKET 100MM PN16,EACH,1,1,17
IN-311021-0000051-8,GASKET,311021,Gaskets and seals,SPIRAL WOUND GASKET 100MM CL300,EACH,1,1,762
IN-311516-0000060-4,BEARING,311516,Bearings and bushings,SPHERICAL ROLLER BEARING 30205 2RS,EACH,1,1,1206
IN-401015-0000067-1,PUMP,401015,Pumps,SUBMERISBLE PUMP CAST IRON,EACH,1,1,855
IN-311516-0000061-2,BEARING,311516,Bearings and bushings,BEARING BALLL 22210,EACH,1,1,799
IN-311516-0000062-0,BEARING,311516,Bearings and bushings,51110 ZZ TAPER BEARING ROLLER,EACH,1,1,544
IN-401716-0000075-8,PIPE,401716,Pipe and pipe fittings,MM SEAMLESS 15 SCH40 PIPE,METER,1,1,559
IN-401716-0000076-6,PIPE,401716,Pipe and pipe fittings,SEAMLESS PIPE 80MM SCH40 GALVANIZED IRON,M,1,1,592
IN-311616-0000061-8,FASTENER,311616,"Bolts, nuts and fasteners",PLAIN WASHER GALVANIZED GRADE 4.6 M8,EACH,1,1,283
IN-311616-0000062-6,FASTENER,311616,"Bolts, nuts and fasteners",STUD BOLT M10 X 40 STAINLESS STEEL 304 ZINC PLTED,EACH,1,1,329
