id,cpse,local_code,cnmc,description
508,BPCL,B-235715,IN-261216-0000001-2,CABLE 3.5CX6 SQMM COPPER PVC UNARM 1.1KV
509,GAIL,438130-G,IN-261216-0000001-2,SQ.MM 6 1.1KV CBL 3.5C COPPER PVC X UNARMOURED
507,CIL,CIL205829,IN-261216-0000001-2,CABLE SQMM 3.5Cx6 1.1KV PVC CU UNARMOURED MAKE KIRLOSKAR
510,NTPC,NT97990707,IN-261216-0000001-2,CABLE 3.5CX6 MM2 CU PVC UNARMD 1.1KV
511,BHEL,7481/1317,IN-261216-0000001-2,CABLE 3.5C x 6 SQMM CU PVC UNARM 1.1KV
167,HPCL,H74350313,IN-401716-0000001-4,SMLS PIPE 25MM SCH80 G.I.
628,CIL,CIL622654,IN-311616-0000001-4,spring washer m16 gr. 4.6 zinc plated make polycab
629,GAIL,746259-G,IN-311616-0000001-4,AS PER IS2062 SPRING WASHER M16 GR. 4.6 ZNIC PLATED
626,ONGC,ON3621894,IN-311616-0000001-4,SPRIING M16 GR. 4.6 ZINC PLATED REF DWG
627,BHEL,0564/2045,IN-311616-0000001-4,PLATED WASHER ZINC 4.6 GR M16 SPRING
625,SAIL,S011-9292,IN-311616-0000001-4,SPRING WASHER M16 GR 4.6 ZINC PLATED
920,ONGC,ON6952223,IN-401716-0000002-2,ERW PIPE 50MM SCH20 STAINLESS TSEEL 304
917,GAIL,764083-G,IN-401716-0000002-2,304 PIPE SCH20 ERW STEEL STAINLESS 50MM
918,BPCL,B-651887,IN-401716-0000002-2,Stainless 50Mm Pipe Steel Erw Sch20 304
919,CIL,CIL875703,IN-401716-0000002-2,ERW PIPE 50 MM SCH20 SS 304
921,BHEL,9753/7405,IN-401716-0000002-2,SCH20 STEEL 304 ERW PIPE STAINLESS
1257,SAIL,S926-2517,IN-401015-0000001-9,SCREW PMP 7.5HP SSTAINLESS STEEL
1258,ONGC,ON7895236,IN-401015-0000001-9,SCREW PUMP 7.5HP SS
1256,BHEL,4609/1210,IN-401015-0000001-9,STEEL PMP SCREW STAINLESS 7.5HP
1259,CIL,CIL273174,IN-401015-0000001-9,SCREW PUMP 7.5HP S.S.
1045,CPCL,MAT9247688,IN-261216-0000002-0,CABLE 1CX50 SQMM CU XLPE UNARM 3.3KV
1046,SAIL,S179-0447,IN-261216-0000002-0,CABLE 1CX50 SQ MM CU XLPE UNARMOURED 3.3KV
1043,ONGC,ON8444202,IN-261216-0000002-0,UNARMOURED 1C MM CBL 50 3.3KV COPPER SQ LPE X X
1044,HPCL,H91419396,IN-261216-0000002-0,CBL 1CX50 MM2 COPPER XLPE UNARMD 3.3KV
1042,BPCL,B-589041,IN-261216-0000002-0,UNARMD *LPE 1C*50 3.3KV CBL COPPER
1041,NTPC,NT99654662,IN-261216-0000002-0,CABLE 1Cx50 SSQMM COPPER xLPE UNARM 3.3KV
1190,HPCL,H53185004,IN-401716-0000003-0,Pipe Sch160 Erw Carbon 50Mm
1189,GAIL,309235-G,IN-401716-0000003-0,50MM PIPE SCH160 ERW CS MAKE SKF
390,HPCL,H64205955,IN-401716-0000003-0,MAKE FAG ERW PIPE SCH160 C.STEEL
1187,CIL,CIL317883,IN-401716-0000003-0,ERW PIPE 50MM CARBON STEEL MAKE KIRLOSKAR
1188,BHEL,0889/5930,IN-401716-0000003-0,ERW PIPE 50 MM SCH160 CARBON STEEL
1186,BPCL,B-478483,IN-401716-0000003-0,ERW PIPE 50MM SCH160 CS
1185,IOCL,376870580,IN-401716-0000003-0,ERW PIPE 50mm SCH160 CARBON STEEL
867,SAIL,S649-3121,IN-311616-0000002-2,8.8 WASHER GRADE M24 ZINC SPRING PLATED
865,ONGC,ON3543468,IN-311616-0000002-2,SPRING WASHER M24 GRADE 8.8 ZINC PLATED ASTM A106
864,BPCL,B-853243,IN-311616-0000002-2,SPRING WASHER M24 GRADE 8.8 ZINC PLATED
866,NTPC,NT53811683,IN-311616-0000002-2,SPRING WASHER M24 GR. 8.8 ZINC PLATED REF DWG
359,CIL,CIL164938,IN-311616-0000003-0,100mm BLACK x STUD 4.6 BOLT M20 GR.
141,ONGC,ON0561648,IN-401015-0000002-7,cent pmp 10hp stainless stl
140,HPCL,H58328182,IN-401015-0000002-7,CENT PMP 10HP S.S.
137,BHEL,0810/6200,IN-401015-0000002-7,CENTRIFUGAL PUMP 10HP STAINLESS STEEL
136,BPCL,B-339452,IN-401015-0000002-7,CENT PMP 10HP STAINLESS
139,CPCL,MAT2281606,IN-401015-0000002-7,CENT PUMP 10HP STAINLESS STL
589,HPCL,H85806235,IN-401416-0000001-8,valve check 200mm stl cl300 flg stainless
591,CPCL,MAT5285725,IN-401416-0000001-8,CHECK VLV 200MM CL300 SS FLG
587,BHEL,0220/5093,IN-401416-0000001-8,Check Vlv 200Mm Cl300 Stainless Steel Flanged
586,SAIL,S146-9218,IN-401416-0000001-8,CHECK VLV CL300 S.S. FLG MAKE AUDCO
590,CIL,CIL428679,IN-401416-0000001-8,MAKE FAG CHECK VALVE 200MM CL300 S.S. FLANGED
588,IOCL,386767382,IN-401416-0000001-8,FLG VLV STAINLESS CL300 STEEL 200MM CHECK
1121,GAIL,116861-G,IN-311516-0000001-9,22210 ROLLER SPHERICAL 2RS BRG
1120,HPCL,H71206317,IN-311516-0000001-9,SPHERICAL ROLLER BRG 22210 2RS
1118,SAIL,S585-4551,IN-311516-0000001-9,ROLLER BRNNG SPHERICAL 22210 2RS
1119,CIL,CIL369323,IN-311516-0000001-9,MAKE L&T SPHERICAL ROLLER BRG 22210 2RS
1122,BHEL,4268/3684,IN-311516-0000001-9,SPHERICAL ROLLER 22210 2RS
1265,CPCL,MAT0888060,IN-401015-0000003-5,SCREW PUMP 10HP CI
1267,NTPC,NT62176434,IN-401015-0000003-5,10HP C.I. PMP SCREW MAKE L&T
1262,BPCL,B-155731,IN-401015-0000003-5,SCREW PMP 10HP CI
1266,SAIL,S095-9145,IN-401015-0000003-5,SCREW PMP 10HP CAST IROON
1264,GAIL,959602-G,IN-401015-0000003-5,pump 10hp scrwe cast iron
1263,IOCL,414850275,IN-401015-0000003-5,10HP CAST SCREW PMP IRON
680,CIL,CIL556409,IN-401416-0000002-6,BALL VLV 80mm CL150 C.I. FLANGED
679,BHEL,3626/0846,IN-401416-0000002-6,BALL VLV 80 MM CL150 CAST IRON FLGD
678,BPCL,B-350637,IN-401416-0000002-6,IS 1239 BALL VALVE 80MM CL150 CAST IRON FLGD
1060,BHEL,6409/8058,IN-401716-0000004-9,seamless pipe 150mm sch160 ss 304
1058,BPCL,B-932528,IN-401716-0000004-9,sch160 304 steeel smls 150mm pipe stainless
1059,CPCL,MAT2964448,IN-401716-0000004-9,SEAMLESS PIPE 150 MM SCH160 STAINLESS STL 304
1057,IOCL,822063186,IN-401716-0000004-9,smls pipe 150mm sch160 stainless stl 304
1061,SAIL,S259-1204,IN-401716-0000004-9,Seamless Pipe 150Mm Sch160 Ss 304
1056,CIL,CIL672331,IN-401716-0000004-9,SEAMLESS PIPE 150MM SCH160 STAINLESS STL 304
1247,HPCL,H78889221,IN-261216-0000003-9,CBL 3.5C*10 SQMM CU *LPE ARMOURED 3.3KV
1248,IOCL,104866718,IN-261216-0000003-9,CU XLPE CBL MM SQ. 3.3KV ARMOURED 3.5CX10
1246,GAIL,702071-G,IN-261216-0000003-9,cbl 3.5cx10 sqmm copper xlpe armd 3.3kv
1250,ONGC,ON1779989,IN-261216-0000003-9,CABLE 3.5C x 10 SQMM COPPER x LPE ARMD 3.3KV
1251,BPCL,B-743256,IN-261216-0000003-9,ARMOURED CU LPE CBL x 3.3KV x MM SQ 3.5C 10 IS 1239
1249,SAIL,S044-3073,IN-261216-0000003-9,CBL 3.5C X 10 SQ.MM CU X LPE ARMD 3.3KV
1203,BHEL,5783/0455,IN-311616-0000004-9,spring washer m24 grdae 8.8 plain
1202,SAIL,S811-8229,IN-311616-0000004-9,SPRING WASHER M24 GR. 8.8 PLAIN
1204,ONGC,ON0055126,IN-311616-0000004-9,SPRING WASHER M24 GRADE 8.8 PLAIN
1205,GAIL,420042-G,IN-311616-0000004-9,make skf spring washer m24 grade 8.8 plain
319,HPCL,H62566093,IN-401015-0000004-3,PMP SUBMERSIBLE C.STEEL 1HP
318,SAIL,S954-2961,IN-401015-0000004-3,PUMP 1HP C.STEEL SUBMERSIBLE
316,IOCL,189813129,IN-401015-0000004-3,SUBMERSIBLE PUMP 1HP CARBON STEEL
317,BPCL,B-340848,IN-401015-0000004-3,SUBMERSIBLE PMP 1HP CARBON STEEL MAKE FAG
772,HPCL,H70886406,IN-311516-0000002-7,2RS BALL BEARING 6204
768,SAIL,S698-0142,IN-311516-0000002-7,6204 2rs ball ber
769,IOCL,500493326,IN-311516-0000002-7,BALL BEARING 6204 2RS
770,NTPC,NT06540259,IN-311516-0000002-7,BALL BEARING 6204 2RS
1093,SAIL,S608-5571,IN-401015-0000005-1,SCREW PUMP 15HP CARBON STEEL
1095,ONGC,ON9321359,IN-401015-0000005-1,SCRREW 15HP CARBON STEEL
1094,GAIL,445099-G,IN-401015-0000005-1,Pmp Carbon 15Hp Screw Steel Is 1239
1092,HPCL,H15374051,IN-401015-0000005-1,SCREW PUMP 15HP CARBON STEEL
988,BPCL,B-260967,IN-311616-0000005-7,ALLEN BOLT M20X65 MM GR. 8.8 ZINC PLATED
983,CPCL,MAT4583744,IN-311616-0000005-7,ALLEN BOLT M20X65MM GR. 8.8 ZINC PLATED
986,CIL,CIL242284,IN-311616-0000005-7,allen bolt m20x65mm gr 8.8 zinc lated
987,SAIL,S403-3480,IN-311616-0000005-7,ALLEN BOLT M20X65MM GRADE 8.8 ZIC PLATED
985,HPCL,H64196789,IN-311616-0000005-7,ALLEN BOLT M20X65MM GR 8.8 ZINC PLATED
984,IOCL,411486267,IN-311616-0000005-7,ALLEN BOLT M20X65MM GRDE 8.8 ZINC PLATED
1239,BPCL,B-993547,IN-311021-0000001-1,ring jiont gkt 25mm cl300
1241,ONGC,ON3648510,IN-311021-0000001-1,ring joint gasket 25mm cl300
1240,HPCL,H11493310,IN-311021-0000001-1,Ring Joint 25Mm Cl300
1053,IOCL,768714134,IN-401416-0000003-4,GLOBE VLV 80MM CL300 CARBON STEEL FLANGED
1050,GAIL,933078-G,IN-401416-0000003-4,GLOBE VLV 80MM CL300 CS FLGD
1052,HPCL,H77317394,IN-401416-0000003-4,Globe Valve 80Mm Cl300 Carbon Seel Flgd
1049,CPCL,MAT8698948,IN-401416-0000003-4,globe valve cl300 carbon steel flgd
1054,BHEL,4646/3989,IN-401416-0000003-4,MAKE FAG STEEL GLOBE CARBON CL300 80MM VALVE FLANGED
1051,NTPC,NT49655239,IN-401416-0000003-4,GLOBE VALVE 80MM CL300 CS FLG
797,IOCL,485007288,IN-401015-0000006-0,PMP CARBON 25HP STEEL SCREW
796,HPCL,H92815037,IN-401015-0000006-0,SCREW PMP 25HP CS
794,CPCL,MAT1459967,IN-401015-0000006-0,SCREW PMP 25HP CARBON STEEL MAKE L&T
793,NTPC,NT37170864,IN-401015-0000006-0,PUMMP CS 25HP SCREW
1219,IOCL,192205135,IN-311021-0000002-0,ASTM A106 SPIRAL WOUND GSKT 100MM PN16
1217,BPCL,B-109360,IN-311021-0000002-0,SPIRAL WOUND GASKET 100MM PN16
331,NTPC,NT69432029,IN-261216-0000004-7,Cbl 3.5Cx2.5 Sq Mm Copper Xlpe Armoured 1.1Kv
332,IOCL,269450053,IN-261216-0000004-7,2.5 mm LPE x 3.5C CBLE COPPER ARM 1.1KV SQ x IS 1239
210,SAIL,S870-0505,IN-401716-0000005-7,WLEDED PIPE 150MM SCH40 CARBON STEEL
209,ONGC,ON2806346,IN-401716-0000005-7,WELLDED PIPE 150MM SCH40 CS
211,HPCL,H03202041,IN-401716-0000005-7,make fag welded pipe 150mm sch40 carbon steel
208,NTPC,NT90877661,IN-401716-0000005-7,WELDED PIPE 150 MM SCH40 CARBON STEEL MAKE SKF
207,IOCL,271286391,IN-401716-0000005-7,make kirloskar welded pipe 150mm sch40 carbon steel
63,BPCL,B-565060,IN-401015-0000007-8,CENTRIF PUMP 2HP STAINLESS STEEL
64,GAIL,025787-G,IN-401015-0000007-8,CENT PMP 2HP STAINLESS STEEL
171,BPCL,B-650948,IN-401716-0000006-5,STAINLESS SCH80 150MM PIPE 316 ERW STL
172,CPCL,MAT5761228,IN-401716-0000006-5,SS ERW SCH80 PIPE 316
175,BHEL,1940/9610,IN-401716-0000006-5,PIPE STAINLESS STEEL SCH80 ERW 150mm 316
170,SAIL,S220-3173,IN-401716-0000006-5,ERW PIPE 150 MM SCH80 STAINLESS STL 316
173,ONGC,ON9398368,IN-401716-0000006-5,ERW PIPE 150MM SCH80 S.S. 316
639,HPCL,H76205459,IN-261216-0000005-5,CABLE UNARMD ALUMINIUM MM PVC 11KV 3.5CX50 SQ
638,GAIL,356140-G,IN-261216-0000005-5,CBL 3.5C X 50 SQMM AL PVC UNARMOURED 11KV
637,ONGC,ON3221010,IN-261216-0000005-5,CABLE 3.5CX50 SQMM ALUMINIUM PVC UNARM 11KV
641,IOCL,889178791,IN-261216-0000005-5,CBL 3.5C x 50 SQ MM ALU PVC UNARM 11KV
640,CIL,CIL851699,IN-261216-0000005-5,CBL 3.5CX50 MM2 AL PVC UNARM 11KV
636,CPCL,MAT9728339,IN-261216-0000005-5,Cable 3.5Cx50 Sqmm Aluminium Pvc Unarmd 11Kv
1039,CPCL,MAT3777303,IN-311516-0000003-5,as per is2062 taper roller bearing 30205 zz
1038,ONGC,ON6456059,IN-311516-0000003-5,TAPER ROLLER BEARING 30205 ZZ
1037,SAIL,S549-8367,IN-311516-0000003-5,TAPER ROLLER BRNG 30205 ZZ
1040,HPCL,H54550054,IN-311516-0000003-5,taper roller ber 30205
1087,BPCL,B-889728,IN-311616-0000006-5,STUD BOLT M20 x 20mm STEEL 304 GALVANIZED
546,CIL,CIL073095,IN-311516-0000004-3,SPHERICAL ROLLER BEARING 6307 ZZ
545,NTPC,NT61863239,IN-311516-0000004-3,6307 SHPERICAL ZZ ROLLER BRG
547,IOCL,851905348,IN-311516-0000004-3,SPHERICAL ROLLER BRNG 6307 ZZ MAKE FAG
549,GAIL,304488-G,IN-311516-0000004-3,SPHERICAL ROLLER BEARING 6307 ZZ MAKE KIRLOSKAR
550,ONGC,ON4021190,IN-311516-0000004-3,spherical roller bearing 6307 zz make audco
548,HPCL,H51744600,IN-311516-0000004-3,SPHERICAL ROLLER BEARING 6307 ZZ
96,BPCL,B-241541,IN-401716-0000007-3,150MM PIPE TSEEL STAINLESS SMLS SCH40 304
94,BHEL,3253/6729,IN-401716-0000007-3,304 PIPE SCH40 SEAMLESS 150MM SS
95,SAIL,S751-8636,IN-401716-0000007-3,SEAMLESS PIPE 150MM SCH40 STAINLESS 304
677,GAIL,648467-G,IN-401015-0000008-6,SUBMERSIBLE PMP 7.5HP CARBON
676,CIL,CIL082697,IN-401015-0000008-6,SUBMERSIBLE 7.5HP CS PMP IS 1239
675,NTPC,NT33222739,IN-401015-0000008-6,SUBMERSIBLE PMP 7.5HP CS
673,CPCL,MAT0052781,IN-401015-0000008-6,MAKE AUDCO SUBMERSIBLE UMP 7.5HP CARBON STEEL
674,IOCL,913681720,IN-401015-0000008-6,SUBMERSIBLE PMP 7.5HP C.STEEL
897,ONGC,ON7209451,IN-311616-0000007-3,bolt m8x25mm 8.8 grade hex plain ref dwg
898,GAIL,833367-G,IN-311616-0000007-3,8.8 PLAIN M8 X 25MM HE X GRADE BOLT MAKE SKF
975,ONGC,ON5626996,IN-311616-0000008-1,BOLT 10.9 M24X40MM GRADE ALLEN BLACK
978,CPCL,MAT0418985,IN-311616-0000008-1,ALLEN BOLT MM GRDE 10.9 BLACK
976,GAIL,722870-G,IN-311616-0000008-1,REF DWG ALLEN BOLT M24x40MM GRADE 10.9 BLACK
974,HPCL,H61669100,IN-311616-0000008-1,ALLEN BOLT M24X40 MM GRADE 10.9 BLACK MAKE KIRLOSKAR
977,BPCL,B-205802,IN-311616-0000008-1,ALLEN BOLT M24X40MM GADE 10.9 BLACK
1184,SAIL,S602-7068,IN-401716-0000008-1,25MM WELDED STEEL PIPE CARBON SCH40
1182,CPCL,MAT1592094,IN-401716-0000008-1,Welded Pipe 25Mm Sch40 C.Steel
1183,ONGC,ON7973833,IN-401716-0000008-1,welded pipe 25mm sch40 carbon steel
1181,CIL,CIL633467,IN-401716-0000008-1,AS PER IS2062 CARBON SCH40 PIPE WELDED 25MM STEEL
1133,BHEL,7487/6296,IN-401416-0000004-2,CHECK VALVE 200MM CL300 STAINLESS STL SCREWDE
1131,HPCL,H82267990,IN-401416-0000004-2,MAKE FAG CHECK VALVE 200 MM CL300 STAINLESS STEEL SCREWED
1130,IOCL,388523774,IN-401416-0000004-2,REF DWG CHECK 200MM CL300 S.S. SCREWED
1129,CIL,CIL941079,IN-401416-0000004-2,check vlv 200mm cl300 stainless steel screwed
1134,NTPC,NT94779500,IN-401416-0000004-2,check valve 200mm cl300 s.s. screwed
376,NTPC,NT66176620,IN-311616-0000009-0,HEX M6 GRADE NUT 10.9 ZINC
372,SAIL,S875-8575,IN-311616-0000009-0,ZINC NUT 10.9 PLATED HEX GR.
373,IOCL,406260787,IN-311616-0000009-0,Hex Nut M6 Gr. Zinc Plated
375,BPCL,B-238497,IN-311616-0000009-0,NUT M6 GRADE ZINC PLATED HEX 10.9 MAKE SKF
374,ONGC,ON2872324,IN-311616-0000009-0,HE* NUT M6 GRADE 10.9 ZINC PLATED
470,GAIL,512959-G,IN-311616-0000010-3,BLACK WASHER SPRIGN M6 10.9
471,NTPC,NT41529821,IN-311616-0000010-3,SPRING WASHER M6 GR. 10.9 BLACK
1170,NTPC,NT84726439,IN-401015-0000009-4,S.S. SUBMERSIBLE 25HP PMP MAKE L&T
1174,BHEL,2339/9076,IN-401015-0000009-4,S.S. SUBMERSIBLE PMP
1172,CPCL,MAT4836481,IN-401015-0000009-4,STAINLESS STEEL SUBMERSIBLE PMP 25HP
412,SAIL,S518-4390,IN-401015-0000009-4,AS PER IS2062 SUBMERSIBLE PMP 25HP STEEL
407,ONGC,ON0344694,IN-401015-0000009-4,submersible pmp 25hp astm a106
1173,HPCL,H63659727,IN-401015-0000009-4,submersible pump 25hp s.s.
1171,ONGC,ON2344358,IN-401015-0000009-4,submersible pump 25hp ss
138,CIL,CIL066658,IN-401015-0000010-8,CENTRIFUGAL PUMP SS
353,CIL,CIL396096,IN-401015-0000010-8,Centrifugal Pmp 5Hp Stainless Steel
355,SAIL,S091-1791,IN-401015-0000010-8,CENT PMP STAINLESS STEEL
871,ONGC,ON6801990,IN-401015-0000010-8,cent pump s.s.
354,HPCL,H06092098,IN-401015-0000010-8,CENTRIF PMP 5HP STAINLESS STL
351,IOCL,111096179,IN-401015-0000010-8,CENT PMP 5HP STAINLESS STL
352,NTPC,NT05384444,IN-401015-0000010-8,CENT PMP 5HP SAINLESS STEEL
277,ONGC,ON8071569,IN-401716-0000009-0,SMLS PIPE 15MM SCH160 STAINLESS STL 316
276,NTPC,NT55474355,IN-401716-0000009-0,SEAMLESS PPIE 15 MM SCH160 STAINLESS STEEL 316 AS PER IS2062
824,HPCL,H84423471,IN-311616-0000011-1,4.6 GR M24 HEX PLATED ZINC NUT
827,SAIL,S027-4067,IN-311616-0000011-1,MAKE KIRLOSKAR HE X NUT M24 GRADE 4.6 ZINC PLATED
826,IOCL,066470703,IN-311616-0000011-1,Hex Nut M24 Grade 4.6 Zinc Plated
825,CIL,CIL310064,IN-311616-0000011-1,ASTM A106 HE x NUT M24 GRDAE 4.6 ZINC PLATED
823,NTPC,NT67699242,IN-311616-0000011-1,Hex Nut M24 Grade 4.6 Plated
402,GAIL,662411-G,IN-311616-0000012-0,MAKE KIRLOSKAR M12 IZNC WASHER GRADE PLATED 4.6 PLAIN
36,SAIL,S851-6048,IN-311616-0000013-8,ALLEN PLAIN STEEL 304 STAINLESS M6x100MM BOLT
35,ONGC,ON0952145,IN-311616-0000013-8,ALLEN BOLT M6x100MM STAINLESS STEEL 304 PLAIN
38,BPCL,B-377351,IN-311616-0000013-8,ALLEN BOLT M6 X 100MM STAINLESS STL 304 PLAIN
34,GAIL,097439-G,IN-311616-0000013-8,ALLEN BOLT M6 X 100mm S.S. 304 PLAIN
37,BHEL,6120/0471,IN-311616-0000013-8,304 Plain M6X100Mm Allen S.S. Bolt
910,CPCL,MAT3172665,IN-311516-0000005-1,BALL BER 6003 ZZ
911,CIL,CIL086014,IN-311516-0000005-1,make skf ball brng 6003 zz
909,SAIL,S357-1921,IN-311516-0000005-1,BALL BRG 6003 ZZ
106,NTPC,NT74741124,IN-311021-0000003-8,AS PER IS2062 100MM GKT CL150 WOUND SPIRAL
105,IOCL,826199062,IN-311021-0000003-8,SPIRAL WOUND 100mm CL150
104,GAIL,505064-G,IN-311021-0000003-8,Spiral Wound Gkt 100Mm Cl150 Make Polycab
107,CPCL,MAT7883171,IN-311021-0000003-8,SPIRAL WOUND GASKET 100 MM CL150
324,CPCL,MAT0167318,IN-401015-0000011-6,ger pump 2hp carbon steel
323,BHEL,4430/9634,IN-401015-0000011-6,GEAR PMP 2HP CARBON STEEL MAKE L&T
327,GAIL,637189-G,IN-401015-0000011-6,Gear Pmp 2Hp Carbon Steel As Per Is2062
328,ONGC,ON7086041,IN-401015-0000011-6,CS 2HP PMP GEAR
325,NTPC,NT56053134,IN-401015-0000011-6,GEAR PMP 2HP CS
326,IOCL,211022580,IN-401015-0000011-6,GEAR PMP 2HP C.STEEL
366,SAIL,S225-7207,IN-311516-0000006-0,TAPER ROLLEER BRG 6206 ZZ
368,CIL,CIL026325,IN-311516-0000006-0,IS 1239 TAPER ROLLER BEARING 6206 ZZ
1036,CPCL,MAT0727208,IN-311516-0000006-0,TAPER ROLLER BEARING 6206
370,IOCL,982474140,IN-311516-0000006-0,MAKE SKF TAPER ROLLER BRNG 6206 ZZ
369,CPCL,MAT5696443,IN-311516-0000006-0,TAPER ROLLER BRG 6206 ZZ
367,BHEL,3882/2114,IN-311516-0000006-0,Taper Roller Brg 6206 Zz
371,BPCL,B-423691,IN-311516-0000006-0,TAPER ZZ 6206 ROLLER BRG
730,HPCL,H74551358,IN-311021-0000004-6,Gasket Spiral Wound Pn16 25Mm
729,ONGC,ON1444718,IN-311021-0000004-6,make l&t spiral wound gasket 25mm pn16
727,IOCL,837727028,IN-311021-0000004-6,MAKE AUDCO SPIRAL WOUND GKT 25mm PN16
728,GAIL,975358-G,IN-311021-0000004-6,SPIRAL OUND GASKET 25MM PN16
358,CPCL,MAT9196639,IN-401716-0000010-3,WELDED PIPE 80 MM SCH20 STAINLESS STEEL 304
357,HPCL,H76863423,IN-401716-0000010-3,MAKE KIRLOSKAR WELDED PIPE SCH20 STAINLESS STL 304
832,SAIL,S794-9638,IN-401716-0000011-1,WELDED PIPE 80MM SCH40 CARBON STEEL
834,CPCL,MAT4051665,IN-401716-0000011-1,MAKE POLYCAB PIPE CARBON WELDED 80MM STEEL SCH40
830,NTPC,NT98474225,IN-401716-0000011-1,80MM PIPE SCH40 CARBON STEEL WELDED
829,BHEL,4612/1289,IN-401716-0000011-1,WELDED PIPE 80MM C.STEEL MAKE AUDCO
1097,CIL,CIL617275,IN-401716-0000012-0,SMLS PIPE 80MM SCH40 CARBON STEEL
1096,ONGC,ON1921474,IN-401716-0000012-0,PIPE SMLS SCH40 CARBON STEEL 80MM
1098,CPCL,MAT5445847,IN-401716-0000012-0,SMLS PIPE 80MM SCH40 C.STEEL
902,GAIL,675983-G,IN-401015-0000012-4,CARBON 1HP PUMP STEEL SCREW
899,BHEL,5001/1546,IN-401015-0000012-4,MAKE L&T STEEL SCREW PMP CARBON 1HP
904,CPCL,MAT3272766,IN-401015-0000012-4,SCREW PMP 1HP CS
795,SAIL,S021-7816,IN-401015-0000012-4,SCREW PUMP C.STEEL
900,SAIL,S431-5668,IN-401015-0000012-4,SCREW PUMP 1HP C.STEEL
903,CIL,CIL533998,IN-401015-0000012-4,CARBON SCREW STEEL 1HP PMP
901,NTPC,NT84019027,IN-401015-0000012-4,PUMP CS 1HP SCREW MAKE AUDCO
1209,ONGC,ON6023361,IN-311021-0000005-4,Cl300 100Mm Ptfe Gkt
1207,BHEL,7496/5990,IN-311021-0000005-4,ptfe gskt 100mm cl300
1208,CPCL,MAT6109221,IN-311021-0000005-4,ASTM A106 PTFE SKT 100MM CL300
585,ONGC,ON8285605,IN-311516-0000007-8,Roller Brg 22210 2Rs Make Audco
584,SAIL,S021-7982,IN-311516-0000007-8,ROLLER BRG 22210 2RS
923,SAIL,S698-3443,IN-401716-0000013-8,welded pipe 15mm sch80 s.s. 316
925,BPCL,B-016258,IN-401716-0000013-8,WELDED PIPE 15MM SCH80 STAINESS STEEL 316
926,CPCL,MAT3795311,IN-401716-0000013-8,MAKE FAG SCH80 316 STEEL 15MM WELDED STAINLESS PIPE
924,NTPC,NT20073429,IN-401716-0000013-8,WEDED PIPE 15MM SCH80 STAINLESS STEEL 316
927,HPCL,H85738385,IN-401716-0000013-8,WELDED PIPE 15MM SCH80 SS 316 MAKE AUDCO
533,NTPC,NT93306745,IN-401015-0000013-2,SCREW PUMP 25HP CAST IRON
535,CIL,CIL529596,IN-401015-0000013-2,Screw Pmp 25Hp C.I.
534,IOCL,413297150,IN-401015-0000013-2,IRON 25HP SCREW CAST PMP
1091,ONGC,ON9759974,IN-401716-0000014-6,ERW PIPE C.STEEL SCH80 MAKE L&T
1090,BPCL,B-511090,IN-401716-0000014-6,Erw Pipe 50 Mm Sch80 Carbon Steel
1089,IOCL,671520771,IN-401716-0000014-6,pipe erw sch80 50mm c.steel
166,GAIL,204618-G,IN-261216-0000006-3,CBL 4CX50 CU PVC UNARM 3.3KV
162,IOCL,987622023,IN-261216-0000006-3,CABLE UNARMOURED COPPER PVC 3.3KV 4CX50 SQMM
164,ONGC,ON5478077,IN-261216-0000006-3,CBL 4C x 50 SQ.MM COPPER PVC UNARM 3.3KV
163,SAIL,S577-8487,IN-261216-0000006-3,make kirloskar sqmm 3.3kv unarmoured coppre cable 4cx50 pvc
394,SAIL,S021-2886,IN-261216-0000006-3,CABLE SQMM COPPER PVC UNARM 3.3KV
575,NTPC,NT99144920,IN-401416-0000005-0,IS 1239 STAINLESS FLANGED CL300 80MM STL VALVE BALL
574,BPCL,B-401348,IN-401416-0000005-0,BALL VLV 80 MM CL300 SS
576,IOCL,428596932,IN-401416-0000005-0,BALL VALVE 80MM CL300 STAINLESS STEEL FLG
578,GAIL,405612-G,IN-401416-0000005-0,BALL VLV 80 MM CL300 STAINLESS STEEL FLG
396,IOCL,449134213,IN-261216-0000007-1,Cbl 4Cx16 Sq Mm Alu Pvc Unarmd 3.3Kv
399,CIL,CIL347769,IN-261216-0000007-1,CBL 4CX16 SQMM AL PVC UNARMMOURED 3.3KV
398,ONGC,ON3472727,IN-261216-0000007-1,4CX16 3.3KV ALUMINIUM SQ. UNARMOURED MM CABLE PVC
782,IOCL,956321740,IN-401716-0000015-4,MAKE AUDCO SMLS PIPE 100MM SCH40 S.S. 316
781,GAIL,420122-G,IN-401716-0000015-4,SMLS PIPE 100MM SCH40 STAINLESS STEEL 316
783,SAIL,S564-6160,IN-401716-0000015-4,316 100mm seamless sch40 ppe ss
1028,SAIL,S262-4736,IN-401716-0000016-2,SEAMLESS PIPE 80MM SCH160 STAINLESS STEEL 316
1029,IOCL,873554042,IN-401716-0000016-2,SEAMLESS PIPE 80MM SCH160 SS 316
1025,ONGC,ON7376242,IN-401716-0000016-2,SEAMLESS PIPE 80MM SCH160 STEEL 316 MAKE SKF
1027,CPCL,MAT7422983,IN-401716-0000016-2,Smls 80Mm Sch160 Stainless Steel 316 Ref Dwg
1026,HPCL,H52731172,IN-401716-0000016-2,SEAMLESS PIPE 80MM SCH160 STAINLESS STL 316 MAKE FAG
31,HPCL,H18702621,IN-311516-0000008-6,taper roller bearing 6305 2rs
32,BHEL,9134/3161,IN-311516-0000008-6,TAPER ROLLER BER 6305 2RS
30,NTPC,NT33963605,IN-311516-0000008-6,TAPER ROLLER BEARING 6305 2RS
33,IOCL,937923747,IN-311516-0000008-6,MAKE POLYCAB TAER ROLLER BEARING 6305 2RS
28,CPCL,MAT2480861,IN-311516-0000008-6,taper roller 6305 2rs
29,CIL,CIL821465,IN-311516-0000008-6,TAPER ROLLER BRG 6305 2RS
214,BHEL,7722/0054,IN-401716-0000017-0,WELDED PIPE 25MM SCH20 CARBON STEEL
216,BPCL,B-042177,IN-401716-0000017-0,WELDED PIPE 25MM SCH20 CARBON MAKE L&T
215,NTPC,NT15313636,IN-401716-0000017-0,WELDED C.STEEL SCH20 25MM
212,HPCL,H96207100,IN-401716-0000017-0,WELDED PPIE 25MM SCH20 CS
217,SAIL,S406-3356,IN-401716-0000017-0,25MM SCH20 WELDED PIPE C.STEEL
213,IOCL,927914560,IN-401716-0000017-0,WELDED PIPE 25 MM SCH20 CS MAKE KIRLOSKAR
1078,CIL,CIL500788,IN-311516-0000009-4,BER BALL 51110 ZZ
1076,BHEL,4759/1604,IN-311516-0000009-4,BALL 51110 ZZ
1079,BPCL,B-126532,IN-311516-0000009-4,BALL BRNG 51110 ZZ
1077,ONGC,ON7837568,IN-311516-0000009-4,BALL BRNG 51110 ZZ
718,BPCL,B-926087,IN-401416-0000006-9,MAKE L&T SCREWED 80mm C.STEEL BALL PN16 VLV
717,GAIL,353524-G,IN-401416-0000006-9,VLV PN16 CARBON STEEL 80MM SCREWED BALL
716,ONGC,ON5585229,IN-401416-0000006-9,BALL VALVE 80 MM CARBON STEEL SCREWED
715,CIL,CIL900362,IN-401416-0000006-9,BALL VALVE 80MM PN16 CARBON STEEL SCREWED
118,BHEL,9986/1622,IN-311021-0000006-2,50MM GSKT CL150 PTFE
116,IOCL,869380686,IN-311021-0000006-2,50mm PTFE GASKET CL150
117,NTPC,NT21722332,IN-311021-0000006-2,PTFE GASKET 50MM CL150
119,BPCL,B-024629,IN-311021-0000006-2,PTFE GASKET CL150
916,CPCL,MAT7629226,IN-311616-0000014-6,hex bolt m16x20mm s.s. 316 plain
912,IOCL,810480283,IN-311616-0000014-6,PLAIN M16X20MM STAINLESS HEX BOLT 316 STEEL MAKE SKF
914,HPCL,H09673979,IN-311616-0000014-6,MAKE FAG HEX BOLT M16X20MM S.S. 316 PLAIN
913,SAIL,S226-8159,IN-311616-0000014-6,MAKE AUDCO M16 HE 316 PLAIN x BOLT S.S. 20MM
915,GAIL,676718-G,IN-311616-0000014-6,HE x BOLT M16 x 20MM SS PLAIN
505,ONGC,ON3166007,IN-311516-0000010-8,tapeer brg 22210
20,HPCL,H77694531,IN-261216-0000008-0,CBL 1C X 25 SQmm COPPER X LPE UNARMD 1.1KV
19,GAIL,149190-G,IN-261216-0000008-0,CABLE 1CX25 SQ.MM COPPER XLPE UNARMOURED 1.1KV
269,BHEL,9767/7622,IN-261216-0000008-0,SQ CU CABLE xLPE 1.1KV MM 1Cx4 UNAMRD
21,NTPC,NT77701436,IN-261216-0000008-0,1Cx25 Cable Xlpe 1.1Kv Unarmd Cu
18,SAIL,S193-7452,IN-261216-0000008-0,Cbl 1C X 25 Sq.Mm Cu X Lpe Unarmd 1.1Kv
1229,BPCL,B-854133,IN-261216-0000009-8,xlpe 11kv 3cx6 mm cu cbl unarmoured
1226,CPCL,MAT9132935,IN-261216-0000009-8,11KV XLPE CBL 3CX6 CU UNARMD SQ MM MAKE POLYCAB
1227,CIL,CIL546202,IN-261216-0000009-8,UNARMD 11KV 3CX6 XLPE CABLE CU SQMM
1228,GAIL,470060-G,IN-261216-0000009-8,make audco 11kv unarmoured copper 3cx6 xlpe cbl
1230,BHEL,2492/2191,IN-261216-0000009-8,REF DWG CABLE 3C x 6 SQMM CU x LPE UNARMOURED 11KV
410,IOCL,057563983,IN-401015-0000014-0,SUBMERSIBLE PUMP 25HP CS
408,NTPC,NT97320331,IN-401015-0000014-0,SUBBMERSIBLE PUMP 25HP C.STEEL
409,CIL,CIL754858,IN-401015-0000014-0,SUBMERSIBLE PUMP 25HP CARBON STEL
417,ONGC,ON4595764,IN-311616-0000015-4,ALLEN BOLT M24*40MM GRADE 8.8 PLAIN
415,IOCL,365435884,IN-311616-0000015-4,ALLEN GR. BOLT PLAIN 8.8 M24x40mm
413,SAIL,S197-1112,IN-311616-0000015-4,ALLEN BOLT M24 X 40MM GR. 8.8 PLAIN
416,NTPC,NT15026755,IN-311616-0000015-4,ALLEN BOLT M24 X 40MM GR 8.8 PLAIN
414,CPCL,MAT2406424,IN-311616-0000015-4,ALLEN BOLT M24 x 40MM GRAED 8.8 PLAIN
285,BHEL,2473/9500,IN-311516-0000011-6,roller brng 30210
284,HPCL,H73033793,IN-311516-0000011-6,ROLLER BRNG 30210
233,CIL,CIL387592,IN-311516-0000011-6,ROLLER BEARING 30210
422,IOCL,046419785,IN-311516-0000011-6,roller zz 30210 bearing
418,SAIL,S702-3244,IN-311516-0000011-6,MAKE FAG ROLLER BEARING 30210 ZZ
420,BPCL,B-558099,IN-311516-0000011-6,ROLLER BEARING 30210 ZZ ASTM A106
423,NTPC,NT43897607,IN-311516-0000011-6,ROLLER 30210 ZZ
286,IOCL,534735528,IN-311516-0000011-6,BER 30210 ROLLER
419,CPCL,MAT6731625,IN-311516-0000011-6,ROLLER BRG 30210
195,SAIL,S332-9456,IN-261216-0000010-1,ASTM A106 CBL 3.5CX1.5 SQMM COPPER XLPE UNARMD 11KV
196,BHEL,8148/7696,IN-261216-0000010-1,CABLE 3.5CX1.5 SQMM COPPER XLPE UNARMD 11KV
1233,BPCL,B-939876,IN-401416-0000007-7,make audco iron gate cast flanged cl150 valve
1235,ONGC,ON3278680,IN-401416-0000007-7,Gate Vlv 100Mm Cl150 Ci Flanged Make Fag
1237,NTPC,NT59519484,IN-401416-0000007-7,GATE VALVE 100MM CL150 C.I. FLANGED
1238,BHEL,7451/3636,IN-401416-0000007-7,MAKE AUDCO GATE VLV 100MM CL150 CAST IRON FLGD
1234,HPCL,H25426541,IN-401416-0000007-7,100MM CAST IRON GATE FLANGED VLV REF DWG
819,BPCL,B-660235,IN-311616-0000016-2,STUD BOLT M24X40MM S.S. 304 BLACK
822,ONGC,ON0237718,IN-311616-0000016-2,STUD 304 STEEL M24X40MM BLACK BOLT
821,NTPC,NT19189866,IN-311616-0000016-2,STUD BOLT M24*40mm SS 304 BLACK IS 1239
820,IOCL,587905224,IN-311616-0000016-2,stud m24 x 40mm stainless steel 304 black
242,ONGC,ON3631230,IN-261216-0000011-0,CBL 3.5C*50 SQMM CU *LPE ARMOURED 11KV
243,CIL,CIL165162,IN-261216-0000011-0,cbl 3.5c*50 sq.mm cu *lpe armd 11kv astm a106
245,BHEL,4864/5183,IN-261216-0000011-0,REF DWG CBL 3.5CX50 SQMM CU XLPE ARM 11KV
244,SAIL,S764-9078,IN-261216-0000011-0,CBL 3.5CX50 SQMM CU XLPE ARM 11KV
246,GAIL,765612-G,IN-261216-0000011-0,CABLE 3.5CX50 SQ MM CU XLPE ARMOURED 11KV
525,BHEL,7242/6423,IN-311616-0000017-0,AS PER IS2062 HEx NUT M20 S.S. 316 BLACK
524,GAIL,616453-G,IN-311616-0000017-0,MAKE SKF HEx NUT M20 STAINLESS STL 316 BLACK
526,SAIL,S303-9111,IN-311616-0000017-0,HEx NUT M20 SS 316 BLACK
567,CIL,CIL540263,IN-401416-0000008-5,GLOBE VLV 150mm PN16 CI WAFER
569,SAIL,S119-7871,IN-401416-0000008-5,GLOBE CI WAFER VLV 150MM
568,ONGC,ON5388824,IN-401416-0000008-5,GLOBE VLV 150MM PN16 CAST IRON WAFER
833,CIL,CIL786457,IN-401716-0000018-9,weldde 80mm sch40 cs
831,ONGC,ON1680613,IN-401716-0000018-9,WELDED PIPE 80 MM SCH40 C.STEEL ASTM A106
11,NTPC,NT54145868,IN-261216-0000012-8,CBL 1CX2.5 SQMM COPPER PVC ARMD 3.3KV
9,ONGC,ON4005242,IN-261216-0000012-8,CBLE PVC ARMD 3.3KV COPPER 1CX2.5
12,SAIL,S835-6159,IN-261216-0000012-8,CBL 1C x 2.5 SQMM CU PVC ARM 3.3KV
10,BPCL,B-232260,IN-261216-0000012-8,COPPER ARMOURED PVC 1Cx2.5 3.3KV CBL SQMM
292,GAIL,164334-G,IN-401416-0000009-3,MAKE POLYCAB GLOBE VLV 150MM PN25 CARBON STEEL FLG
291,NTPC,NT90225999,IN-401416-0000009-3,GLOBE VALVE 150 MM PN25 C.STEEL
293,IOCL,493874302,IN-401416-0000009-3,GLOBE VLV 150mm PN25 CARBON STEEL LFGD
295,BHEL,6563/6004,IN-401416-0000009-3,STEEL FLG VALVE PN25 150MM CARBON GLOBE
294,BPCL,B-291603,IN-401416-0000009-3,Flanged Globe Vlv C.Steel 150Mm Pn25
756,IOCL,037161608,IN-311021-0000007-0,PTFE 150MM CL300
757,HPCL,H37530768,IN-311021-0000007-0,PTFE 150MM CL300
1075,CPCL,MAT8439763,IN-311021-0000008-9,RING JOINT GKT 80MM PN16
1074,HPCL,H27156033,IN-311021-0000008-9,JOINT 80MM GASKET PN16 RING
1072,CIL,CIL576274,IN-311021-0000008-9,RING JOINT GASKET 80MM PN16 MAKE L&T
1071,NTPC,NT29355459,IN-311021-0000008-9,REF DWG RING JOINT GKT 80mm PN16
1073,BPCL,B-347612,IN-311021-0000008-9,MAKE L&T JOINT PN16 80MM GSKT RING
1268,CIL,CIL672641,IN-261216-0000013-6,CABLE 2C x 10 SQMM COPPER PVC UNARMOURED 3.3KV
514,IOCL,145768321,IN-401716-0000019-7,welded pipe 40mm sch40 g.i.
513,SAIL,S122-2990,IN-401716-0000019-7,Welded Ppie 40Mm Sch40 Gi Ref Dwg
516,GAIL,821781-G,IN-401716-0000019-7,AS PER IS2062 WELDED PIPE 40MM SCH40 GALVANIZED IRON
512,HPCL,H72742049,IN-401716-0000019-7,WELDED PIPE 40MM SCH40 GI
515,CPCL,MAT0508018,IN-401716-0000019-7,Weelded Pipe 40Mm Sch40 Gi
962,ONGC,ON9897747,IN-261216-0000014-4,CABLE 3CX35 SQ.MM AL XLPE UNARM 3.3KV
845,GAIL,035067-G,IN-311516-0000012-4,BEARING BALL 30205 MAKE POLYCAB
857,BPCL,B-800187,IN-311616-0000018-9,STUD 4.6 X BOLT GR. M12 80MM
858,GAIL,096856-G,IN-311616-0000018-9,STUD BOLT M12x80MM GRADDE 4.6 PLAIN
859,IOCL,002302865,IN-311616-0000018-9,PLAIN M12X80MM STUD BOLT 4.6 GR.
853,CPCL,MAT2234998,IN-401015-0000015-9,SUBMERSIBLE IRON CAST 2HP PMP
854,SAIL,S092-3351,IN-401015-0000015-9,2HP SUBMERSIBLE PUMP CI
886,BPCL,B-153926,IN-401015-0000015-9,submersible pump ci
856,BHEL,9047/3314,IN-401015-0000015-9,SUBERSIBLE PMP 2HP CAST IRON
313,NTPC,NT72927742,IN-311516-0000013-2,SPHERICAL 6003 BER ROLLER IS 1239
22,GAIL,352408-G,IN-401015-0000016-7,SUBMERSIBLE PMP 5HP
27,HPCL,H56746807,IN-401015-0000016-7,SUBMERSIBLE PUMP 5HP CARBON STEEL
23,SAIL,S671-9022,IN-401015-0000016-7,Submersible 5Hp Cs
26,NTPC,NT94013990,IN-401015-0000016-7,SUBMERSIBLE PUMP 5HP CS
24,BHEL,3341/2328,IN-401015-0000016-7,SUBMERSIBLE PUMP 5HP CARBON STEL
25,BPCL,B-183242,IN-401015-0000016-7,SUBMERSIBLE PMP 5HP CS
444,IOCL,021557325,IN-311516-0000014-0,BALL BRNG 51110 2RS
445,NTPC,NT85096085,IN-311516-0000014-0,2RS BER 51110 BALL
447,GAIL,562439-G,IN-311516-0000014-0,BALL BRNG 51110 2RS
446,BPCL,B-931647,IN-311516-0000014-0,BALL BEARING 51110 2RS
349,CIL,CIL550272,IN-311021-0000009-7,Spiral Wound Gskt 50Mm Cl300
350,CPCL,MAT2963533,IN-311021-0000009-7,SPIRAL WOUND GKT 50MM CL300
348,BHEL,1654/2356,IN-311021-0000009-7,CL300 GASKET OWUND SPIRAL 50MM
485,BPCL,B-151229,IN-261216-0000015-2,cbl 4cx25 sqmm cu pvc unarm 11kv
611,IOCL,507138067,IN-401716-0000020-0,SMLS 15MM SCH20 CARBON STEEL
615,GAIL,669841-G,IN-401716-0000020-0,SMLS PIPE 15MM SCH20 CS
613,HPCL,H00046661,IN-401716-0000020-0,SMLS PIPE 15MM SCH20 CS IS 1239
614,CIL,CIL490531,IN-401716-0000020-0,SEAMLESS PIPE 15 MM SCH20 C.STEEL MAKE KIRLOSKAR
616,NTPC,NT26203708,IN-401716-0000020-0,PPE SEAMLESS SCH20 15MM C.STEEL
612,CPCL,MAT6694703,IN-401716-0000020-0,REF DWG SCH20 CS 15 SMLS PIPE MM
1110,BHEL,6511/9214,IN-261216-0000016-0,PVC COPPER CABLE 3CX16 SQMM UNARMD 11KV
1112,NTPC,NT79412325,IN-261216-0000016-0,3C*16 11KV PVC SQMM CABLE UNARM
201,NTPC,NT94905807,IN-401416-0000010-7,PN25 CHECK VLV 40MM STEEL SCREWED
200,ONGC,ON2690973,IN-401416-0000010-7,CHECK SCREWED 40mm CARBON PN25 STEEL VALVE
198,BHEL,5190/9862,IN-401416-0000010-7,IS 1239 CHECK VALVE 40MM PN25 CARBON STEEL SCREWED
199,GAIL,865624-G,IN-401416-0000010-7,CHECK VLV SCREWED 40MM PN25 CARBON STEEL
197,SAIL,S570-1329,IN-401416-0000010-7,make audco check valve 40 mm pn25 cs screwed
202,IOCL,049047128,IN-401416-0000010-7,CHECK VALVE 40MM PN25 C.STEEL SCREWED
565,IOCL,608070633,IN-401716-0000021-9,G.I. SEAMLESS SCH40 150MM PIPE
764,GAIL,713538-G,IN-311616-0000019-7,he x bolt m12 x grade 4.6 black
767,BPCL,B-202227,IN-311616-0000019-7,AS PER IS2062 M12X20MM BOLT GR BLACK 4.6 HEX
765,SAIL,S886-9320,IN-311616-0000019-7,HE X BOLT M12 X 20MM GRADE BLACK
766,NTPC,NT97640535,IN-311616-0000019-7,hex bolt m12x20mm grade 4.6 black
763,IOCL,726029254,IN-311616-0000019-7,HEx BOTL M12x20MM GRADE BLACK
945,NTPC,NT03729545,IN-311516-0000015-9,6206 brng zz spherical roller
947,BHEL,3601/8639,IN-311516-0000015-9,SPHERICAL ROLLER BER 6206 ZZ
946,BPCL,B-922551,IN-311516-0000015-9,SPHERICAL ROLLER BER 6206 ZZ
944,GAIL,307167-G,IN-311516-0000015-9,SPHERICAL BEARIING 6206 ZZ
176,BHEL,2517/9086,IN-311021-0000010-0,RING JOINT GSKT 80 MM CL300
178,SAIL,S051-4770,IN-311021-0000010-0,make fag gasket 80mm cl300 joint ring
995,CIL,CIL185595,IN-311616-0000020-0,PLAIN WASHER M6 STAINLESS STL 316 PLAIN
996,IOCL,170679490,IN-311616-0000020-0,plain washer m6 tsainless steel 316 plain
994,GAIL,704071-G,IN-311616-0000020-0,Plain Washer M6 Ss 316 Plain
997,BHEL,7635/3673,IN-311616-0000020-0,PLAIN WASHER S.S. 316 PLAIN
998,HPCL,H09742749,IN-311616-0000020-0,PLAIN STL PLAIN STAINLESS M6 316 IS 1239
610,SAIL,S554-6234,IN-311616-0000021-9,HEX BLACK NUT GRADE M16 8.8
608,IOCL,564230412,IN-311616-0000021-9,ASTM A106 HE x NUT M16 GRADE 8.8 BLACK
609,BPCL,B-815542,IN-311616-0000021-9,GR. 8.8 BLACK HEX NUT
607,CIL,CIL355610,IN-311616-0000021-9,hex nut m16 8.8 black
425,SAIL,S944-9883,IN-311616-0000022-7,HEX BOLT M6X100MM SS 304 BLCK MAKE KIRLOSKAR
427,NTPC,NT58678055,IN-311616-0000022-7,REF DWG HE X BOLT M6 X 100MM STAINLESS STEEL 304 BLACK
426,GAIL,406306-G,IN-311616-0000022-7,HE x BOLT M6 x 100MM STAINLESS STEEL 304 BLACK
424,ONGC,ON4579389,IN-311616-0000022-7,make audco hex bolt m6x100mm ss 304 black
305,CPCL,MAT9524364,IN-401716-0000022-7,WELDED PIPE 304 SCH80 STEEL 25MM
307,CIL,CIL138069,IN-401716-0000022-7,MAKE SKF WELDED PIPE SCH80 STAINLESS STL 304
306,IOCL,230234679,IN-401716-0000022-7,25Mm Welded 304 Ss Pipe Sch80
682,NTPC,NT31916543,IN-401015-0000017-5,CENT PMP 10HP C.STEEL
681,GAIL,609873-G,IN-401015-0000017-5,CS CETRIFUGAL 10HP PMP
683,CIL,CIL026876,IN-401015-0000017-5,CENTRIF PMP 10HP C.STEEL
685,IOCL,898959654,IN-401015-0000017-5,CENTRIFUGAL 10HP CARBON PMP STEEL
302,BHEL,6149/8282,IN-401015-0000018-3,GEAR PMP 1HP CI
299,NTPC,NT89030914,IN-401015-0000018-3,GEAR PUMP 1HP C.I.
303,CPCL,MAT4916016,IN-401015-0000018-3,GEAR C.I. PMP 1HP
304,ONGC,ON7050249,IN-401015-0000018-3,gear pmp 1hp cast iron
711,CIL,CIL302750,IN-311616-0000023-5,PLAIN WASHER M16 GRADE 4.6 ZINC PLATED
712,IOCL,849378467,IN-311616-0000023-5,PLAIN WASHER M16 GR 4.6 ZINC PLATED
713,HPCL,H44299067,IN-311616-0000023-5,WASHER GRADE M16 4.6 PLATED PLAIN ZINC
714,CPCL,MAT7256222,IN-311616-0000023-5,plain washer m16 gr. 4.6 zinc plated as per is2062
692,CIL,CIL675076,IN-261216-0000017-9,Make Skf Copper Armd Pvc Sqmm 1.1Kv Cable 3Cx1.5
691,HPCL,H02289466,IN-261216-0000017-9,cable 3cx1.5 sqmm copper pvc armoured 1.1kv
690,CPCL,MAT2946902,IN-261216-0000017-9,CBL 3Cx1.5 SQMM CU PVC ARMD 1.1KV
532,SAIL,S430-1204,IN-401416-0000011-5,AS PER IS2062 CL300 SCREWED CS BUTTERFLY VALVE
531,BPCL,B-768089,IN-401416-0000011-5,BUTTERFLY VLV 50mm CL300 CARBON STEEL SCREWED
530,NTPC,NT15534820,IN-401416-0000011-5,butterfly vlv 50mm cl300 carbon steel screwed
180,BPCL,B-046084,IN-311616-0000024-3,HEX NUT M20 GRADE 8.8 ZINC PLATED
181,CPCL,MAT5782329,IN-311616-0000024-3,HEX NUT M20 GR. 8.8 ZINC PLATED
183,ONGC,ON2330604,IN-311616-0000024-3,ZINC NUT 8.8 GRADE PLATED M20 HEx
184,GAIL,569998-G,IN-311616-0000024-3,Hex Nut M20 Grade 8.8 Zinc Plated
182,HPCL,H05664742,IN-311616-0000024-3,Hex Nut M20 Gr 8.8 Zinc Plated
179,NTPC,NT57981238,IN-311616-0000024-3,NUT GR HEx 8.8 M20 ZINC
665,NTPC,NT06362198,IN-401015-0000019-1,SCREW 15HP SS
661,CIL,CIL822720,IN-401015-0000019-1,SCREW STEEL 15HP PUMP STAINLESS
663,CPCL,MAT5937775,IN-401015-0000019-1,SCREW 15HP S.S.
664,GAIL,438419-G,IN-401015-0000019-1,SCRW PMP 15HP STAINLESS STL
662,BHEL,2030/4232,IN-401015-0000019-1,STAINLESS SCREW 15HP STL PMP IS 1239
620,NTPC,NT65179624,IN-311516-0000016-7,BRNG 6003 SPHERICAL ROLLER ZZ
619,BHEL,8827/6970,IN-311516-0000016-7,SPHHERICAL ROLLER BEARING 6003
315,IOCL,475011117,IN-311516-0000016-7,SPHERICAL ROLLER BRG 6003
312,HPCL,H30276420,IN-311516-0000016-7,SPHERICAL ROLLER BEARING 6003 MAKE KIRLOSKAR
618,CIL,CIL806757,IN-311516-0000016-7,SPHERICAL ROLLER BEARING 6003 ZZ
617,IOCL,018644822,IN-311516-0000016-7,MAKE FAG SPHERICAL ROLLER BRNG 6003 ZZ
314,CIL,CIL596263,IN-311516-0000016-7,MAKE SKF SPHERICAL ROLLER BRNG 6003
1031,NTPC,NT09853720,IN-401015-0000020-5,submersible upmp 1hp ss
1030,SAIL,S528-7835,IN-401015-0000020-5,SUBMERSIBLE PUMP 1HP STAINLESS STEEL
630,CIL,CIL995704,IN-311516-0000017-5,ROLLER 6305 BEARING
698,GAIL,922941-G,IN-401015-0000021-3,cs pmp cent
522,BPCL,B-711363,IN-401015-0000022-1,pmp 5hp centrif c.steel
521,HPCL,H21630900,IN-401015-0000022-1,5HP CARBON CENT PMP
519,BHEL,7982/1433,IN-401015-0000022-1,MAKE KIRLOSKAR CENTRIF PUMP 5HP CAARBON STEEL
520,CIL,CIL134778,IN-401015-0000022-1,CENTRIFUGAL PMP 5HP CARBON STEEL
459,SAIL,S741-8972,IN-401416-0000012-3,WAFER MM BALL CL150 40 CS VLV
455,ONGC,ON8415608,IN-401416-0000012-3,BALL VALVE 40MM CL150 CS WAFER
458,HPCL,H22723626,IN-401416-0000012-3,BALL VALVE 40MM CL150 C.STEEL WAFER
456,BPCL,B-303589,IN-401416-0000012-3,MAKE POLYCAB BALL VALVE 40mm CL150 CS WAFER
457,NTPC,NT89634064,IN-401416-0000012-3,ball valve 40mm cl150 carbon steel wafer
454,CIL,CIL673794,IN-401416-0000012-3,ASTM A106 WAFER 40MM CL150 CARBON VALVE BALL STEEL
270,SAIL,S215-4544,IN-261216-0000018-7,CBL 1CX4 SQMM COPPER XLPE UNARMD 1.1KV
265,NTPC,NT32666785,IN-261216-0000018-7,CBL 1CX4 MM2 CU XLPE UNARMOURED 1.1KV
267,BPCL,B-085628,IN-261216-0000018-7,CBL 1Cx4 SQMM COPPER xLPE UNARMOURED 1.1KV
266,IOCL,466845504,IN-261216-0000018-7,cable 1cx4 sq.mm cu xlpe unarmoured 1.1kv as per is2062
268,GAIL,539989-G,IN-261216-0000018-7,1Cx4 CU 1.1KV xLPE UNARMOURED SQ.mm CBL
174,CIL,CIL504888,IN-401716-0000023-5,ERW PIPE 150MM SCH80 STAINLESS STEEL 316
667,CPCL,MAT9196234,IN-311021-0000011-9,PTFE GGASKET 80MM CL300
668,NTPC,NT25058333,IN-311021-0000011-9,PTFE GASKET 80MM CL300
666,ONGC,ON1142436,IN-311021-0000011-9,PTFE GSKT 80MM CL300
669,HPCL,H69475769,IN-311021-0000011-9,PTFE GSKT 80 MM CL300
938,CIL,CIL874022,IN-311516-0000018-3,ROLLER BEARING 30205 2RS
941,BHEL,1270/6593,IN-311516-0000018-3,Roller Brg 30205 2Rs
943,IOCL,106173563,IN-311516-0000018-3,ROLLER EARING 2RS 30205
939,SAIL,S614-2152,IN-311516-0000018-3,Make Audco Roller Brng 30205 2Rs
863,BPCL,B-096641,IN-311021-0000012-7,Caf Gasket 80Mm Cl300
1197,SAIL,S504-9108,IN-261216-0000019-5,CABLE x 25 ARM 3.3KV ALU SQMM PVC 3C
1199,CPCL,MAT9637902,IN-261216-0000019-5,3.3Kv Armoured Cbl Sqmm Pvc 3Cx25
1201,BPCL,B-877449,IN-261216-0000019-5,CABLE SQmm AL 3.3KV 3C*25 PVC ARM
1200,IOCL,766342083,IN-261216-0000019-5,CABLE 3C X 25 SQMM ALUMINIUM PVC ARMOURED 3.3KV
1198,NTPC,NT31608988,IN-261216-0000019-5,Cbl 3Cx25 Sqmm Al Pvc Arm 3.3Kv
1082,HPCL,H59502635,IN-401716-0000024-3,SEAMLESS PIPE 40MM SCH80 CS
1080,BHEL,0061/7413,IN-401716-0000024-3,SMLS PIPE 40MM SCH80 CARBON STEEL
1081,CPCL,MAT6507612,IN-401716-0000024-3,smls pipe sch80 c.steel
1083,IOCL,690222097,IN-401716-0000024-3,PIPE 40MM C.STEEL SMLS SCH80
753,NTPC,NT64051102,IN-401015-0000023-0,PUMP SCREW CRBON 5HP STEEL
1236,IOCL,705070775,IN-000000-0000001-9,GATE 100MM CL150 CI FLGD
449,BPCL,B-633185,IN-401015-0000024-8,MAKE L&T STAINLESS GEAR 10HP PUMP
453,BHEL,3116/4913,IN-401015-0000024-8,GEAR PUMP 10HP STL ASTM A106
450,HPCL,H67045023,IN-401015-0000024-8,GEAR PMP 10HP STAINLESS STL
452,IOCL,161177687,IN-401015-0000024-8,GEAR PMUP 10HP S.S.
451,SAIL,S512-0734,IN-401015-0000024-8,Gear Pmp 10Hp Ss
448,GAIL,027160-G,IN-401015-0000024-8,AS PER IS2062 GEAR PMP 10HP SS
908,GAIL,579115-G,IN-311021-0000013-5,25MM PN16 GKT PTFE
907,SAIL,S522-4265,IN-311021-0000013-5,PTFE GASKET 25MM PN16
596,BHEL,5513/0557,IN-311021-0000014-3,OJINT RING 100MM CL150 GASKET
595,SAIL,S594-2824,IN-311021-0000014-3,RING JOINT GKT 100 MM CL150
597,CPCL,MAT6774620,IN-311021-0000014-3,RING JOINT GSKKT 100MM CL150
600,GAIL,739920-G,IN-311021-0000014-3,RNIG JOINT GASKET 100MM CL150 ASTM A106
599,ONGC,ON8472629,IN-311021-0000014-3,Astm A106 Ring Joit Gasket 100 Mm Cl150
598,BPCL,B-491060,IN-311021-0000014-3,as per is2062 ring joint gskt 100mm cl150
115,CPCL,MAT2050614,IN-261216-0000020-9,CBL 3Cx16 SQMM COPPER PVC ARM 11KV
111,CIL,CIL569154,IN-261216-0000020-9,CBL 3C x 16 SQ MM PVC ARM 11KV
1111,IOCL,035321244,IN-261216-0000020-9,Cable 3Cx16 Sq Mm Cu Pvc 11Kv
112,ONGC,ON9029593,IN-261216-0000020-9,Cbl 3Cx16 Sq. Mm Copper Pvc Arm 11Kv
114,HPCL,H18159970,IN-261216-0000020-9,MAKE SKF CBL 3CX16 SQMM CU PVC ARMOURED 11KV
113,BPCL,B-676267,IN-261216-0000020-9,make l&t cbl 3c*16 sqmm cu pvc armoured 11kv
228,ONGC,ON4719597,IN-311516-0000019-1,TAPER ROLLER BRG 6003 2RS
225,IOCL,980562656,IN-311516-0000019-1,taper bearing 6003 2rs
227,CPCL,MAT0494787,IN-311516-0000019-1,taper rollr brng 6003 2rs
226,GAIL,299123-G,IN-311516-0000019-1,Taper Roller Ber 6003
1191,CIL,CIL538151,IN-401416-0000013-1,GLOBE VLV 25mm PN25 STAINESS STEEL FLANGED
1193,CPCL,MAT8491508,IN-401416-0000013-1,GLOBE VALVE 25MM PN25 STAINLESS STEEL FLG
1192,BPCL,B-559030,IN-401416-0000013-1,GLOBE PN25 S.S. FLGD VALVE 25MM
1194,BHEL,0822/7754,IN-401416-0000013-1,GLOBE VLV 25MM PN25 STAINLESS STEEL FLANGED
784,CIL,CIL361094,IN-401716-0000025-1,SCH40 SEAMLESS S.S. 100MM 316 PIPE
1196,GAIL,341700-G,IN-261216-0000021-7,Cable Al 3.3Kv Pvc Mm 3Cx25 Arm Sq
1103,SAIL,S320-3668,IN-261216-0000022-5,CABLE SQMM AL PVC ARMOURED 1.1KV REF DWG
1104,CPCL,MAT0628334,IN-261216-0000022-5,2CX25 ARMD 1.1KV CABLE PVC MM ALU SQ MAKE POLYCAB
1101,BHEL,5985/8663,IN-261216-0000022-5,cable 2cx25 sqmm alu pvc arm 1.1kv
1100,BPCL,B-186244,IN-261216-0000022-5,Armoured Pvc Cbl 1.1Kv Sqmm Aluminium 2C*25 Astm A106
74,CIL,CIL868633,IN-311516-0000020-5,Ball Bearing 30205 2Rs
72,ONGC,ON6790874,IN-311516-0000020-5,BALL BEARING 30205 2RS
846,HPCL,H31555057,IN-311516-0000020-5,ball brng 30205 is 1239
844,IOCL,820706690,IN-311516-0000020-5,BALL BEARING 30205
71,IOCL,187851910,IN-311516-0000020-5,BALL BRG 30205 2RS
41,BHEL,6615/6545,IN-401015-0000025-6,GEAAR PUMP 10HP C.STEEL
39,IOCL,102053950,IN-401015-0000025-6,STTEEL CARBON GEAR 10HP PUMP
40,NTPC,NT17711592,IN-401015-0000025-6,MAKE POLYCAB GEAR PMP 10HP CS
745,BHEL,7940/2620,IN-311616-0000025-1,hex nut m10 stainless steel 304 galv
746,ONGC,ON0041291,IN-311616-0000025-1,He* Nut M10 Stainless Stl 304 Galvanized
750,BPCL,B-670866,IN-311616-0000025-1,STAINLESS GALVANIZED HEX NUT 304 STL
747,CIL,CIL079230,IN-311616-0000025-1,HE* NUT M10 STAINLESS STEEL 304 GALVANIZED
749,GAIL,191530-G,IN-311616-0000025-1,HEX NUT M10 STAINLESS STEEL 304 GALVANIZED AS PER IS2062
748,NTPC,NT85076653,IN-311616-0000025-1,HEx NUT S.S. 304 GALV
480,BHEL,2642/5064,IN-311616-0000026-0,HEX BOLT GALV 8.8 M8X20 GR. MM
481,IOCL,833339395,IN-311616-0000026-0,HEX BOLT M8X20mm GR 8.8 GALVD
482,HPCL,H26862703,IN-311616-0000026-0,HE* BOLT M8*20MM GR. 8.8 GALVANIZED
484,GAIL,822261-G,IN-311616-0000026-0,HEx BOLT M8x20MM GR. 8.8
483,SAIL,S111-0005,IN-311616-0000026-0,ASTM A106 HEX BOLT M8X20MM 8.8 GALV
687,BHEL,6557/9220,IN-401416-0000014-0,GATE VLV CL150 SS SCREWED
688,CIL,CIL963595,IN-401416-0000014-0,MAKE FAG GGATE VLV 100 MM CL150 SS SCREWED
689,ONGC,ON6631138,IN-401416-0000014-0,GATE VALVE 100MM CL150 STAINLESS STEEL SCREWED
632,BPCL,B-274897,IN-401716-0000026-0,seamless pipe 100mm sch160 stainless steel 316
631,IOCL,421838545,IN-401716-0000026-0,Smls Pipe 100Mm Sch160 S.S. 316
633,BHEL,6217/5080,IN-401716-0000026-0,SEAMLESS PIPE 100MM SCH160 STAINLESS STEEEL 316
634,NTPC,NT40018167,IN-401716-0000026-0,SMLS PIPE 100 MM SCH160 STAINLESS STEEL 316
635,CPCL,MAT1053912,IN-401716-0000026-0,S.S. 316 100mm PIPE SMLS SCH160
0,CIL,CIL615594,IN-401015-0000026-4,Make Audco Centrif Pmp 1Hp Carbon Steel
1,IOCL,475255341,IN-401015-0000026-4,CENTRIFUGAL PMP 1HP CARBON STEEL MAKE L&T
232,HPCL,H01249552,IN-311516-0000021-3,ROLLER BRNG 2RS
942,HPCL,H07578984,IN-311516-0000021-3,2rs roller brg
274,BHEL,9937/8861,IN-311021-0000015-1,AS PER IS2062 CL300 25mm GKT PTFE
272,IOCL,813989098,IN-311021-0000015-1,PTFE GSKT 25MM CL300
271,CPCL,MAT1996636,IN-311021-0000015-1,PTFE GKT 25MM CL300
273,GAIL,564111-G,IN-311021-0000015-1,CL300 PTFE GKT 25MM
275,SAIL,S582-3868,IN-311021-0000015-1,GKT 25MM CL300 PTFE
1032,BPCL,B-199255,IN-401416-0000015-8,GLOBE VLV 50MM PN16 CS FLGD
87,BPCL,B-868058,IN-311616-0000027-8,HE X BOLT M12 X 40mm STAINLESS STEEL 316 BLACK AS PER IS2062
86,SAIL,S519-3982,IN-311616-0000027-8,HEX BOLT M12X40mm STAINLESS STEEL 316 BLACK
89,CIL,CIL401051,IN-311616-0000027-8,hex bolt m12x40mm s.s. 316 black
88,ONGC,ON7982507,IN-311616-0000027-8,MAKE KIRLOSKAR STEEL HEX BOLT M12X40MM STAINLESS BLACK 316
300,IOCL,864035533,IN-401015-0000027-2,GGEAR PUMP C.I.
249,CPCL,MAT6262044,IN-401015-0000027-2,10Hp Gear Pump C.I.
250,SAIL,S759-9004,IN-401015-0000027-2,GEAR PUMP 10HP C.I.
248,NTPC,NT94215291,IN-401015-0000027-2,GEAR PUMP 10HP C.I.
252,IOCL,074276170,IN-401015-0000027-2,GEAR PMP 10HP CCAST IRON
862,IOCL,734985297,IN-401015-0000027-2,GEAR PMP CI AS PER IS2062
251,CIL,CIL502745,IN-401015-0000027-2,gear pmp 10hp c.i.
605,HPCL,H12602213,IN-401416-0000016-6,check valve 80mm cl300 staniless steel flg
603,BPCL,B-585238,IN-401416-0000016-6,CHECK VLV 80MM CL300 STAINLESS STL FLANGED
604,CIL,CIL239102,IN-401416-0000016-6,CHECK VALVE 80MM CL300 SS FLANGED
775,CIL,CIL237631,IN-311021-0000016-0,CAF GSKT 100 CL150
337,GAIL,236687-G,IN-401015-0000028-0,GEAR 2HP PMP S.S.
335,ONGC,ON4361721,IN-401015-0000028-0,MAKE AUDCO STAINLESS PUMP 2HP STEEL GEAR
333,IOCL,404226931,IN-401015-0000028-0,2HP STEEL PUMP GEAR STAINLESS
338,NTPC,NT52472863,IN-401015-0000028-0,MAKE SKF 2HP PMP S.S. GEAR
1105,BPCL,B-424025,IN-401015-0000029-9,gear pmup 7.5hp cast iron
1106,NTPC,NT46738656,IN-401015-0000029-9,gear pump 7.5hp c.i.
1107,CIL,CIL006239,IN-401015-0000029-9,AS PER IS2062 GEAR PMP 7.5HP CAST IRON
1150,CIL,CIL365055,IN-261216-0000023-3,CABLE 2CX35 SQMM AL XLPE UNARMD 3.3KV
1147,GAIL,694660-G,IN-261216-0000023-3,unarmd al xlpe mm sq cbl 3.3kv 2cx35
1152,BPCL,B-758856,IN-261216-0000023-3,CBL 2Cx35 SQ.MM xLPE UNARMOURED 3.3KV
1151,IOCL,932850719,IN-261216-0000023-3,CABLE 2C x 35 SQMM AL x LPE UNARMOURED 3.3KV
776,BPCL,B-209617,IN-401716-0000027-8,ERW SCH80 STEEL 316 PIPE STAINLESS
780,NTPC,NT72620846,IN-401716-0000027-8,PIPE ERW SCH80 STL 316 40MM STAINLESS
779,CIL,CIL998651,IN-401716-0000027-8,ERW PIPE 40MM SCH80 STAINLESS STEEL 316
778,IOCL,218834581,IN-401716-0000027-8,ERW PIPE 40mm SCH80 STAINLESS STL 316
777,ONGC,ON5051432,IN-401716-0000027-8,MAKE SKF ERW PIPE 40 MM SCH80 STAINLESS STEEL 316
430,ONGC,ON6966630,IN-311616-0000028-6,MAKE KIRLOSKAR STUD BOLT M24X50MM GR 8.8 BLACK
429,SAIL,S455-1588,IN-311616-0000028-6,STUD BOLT GR 8.8 BLACK
428,BPCL,B-487368,IN-311616-0000028-6,STUD BOLT 8.8 GRADE M24X50MM REF DWG
431,HPCL,H68832753,IN-311616-0000028-6,STUD BOLT M24 x 50 MM GRADE 8.8 BLACK REF DWG
432,CPCL,MAT3710068,IN-311616-0000028-6,STUD BOLT M24*50mm GR 8.8 BLACK AS PER IS2062
433,NTPC,NT46056876,IN-311616-0000028-6,STUD BOLT M24X50MM GRADE 8.8 BLACK
896,GAIL,442129-G,IN-311021-0000017-8,RING JOINT GASKET 100MM PN16 MAKE L&T
893,CIL,CIL820114,IN-311021-0000017-8,RING PN16 GASKET JOINT 100mm
894,IOCL,553375656,IN-311021-0000017-8,RING JOINT GASKET 100mm PN16
895,BHEL,9296/5685,IN-311021-0000017-8,ring joint gaskt 100mm pn16
892,BPCL,B-324659,IN-311021-0000017-8,RING JOINT GASKET 100MM PN16
1144,ONGC,ON5417609,IN-401716-0000028-6,ERW PIPE 50MM SCH20 STAINLESS STEEL 316
1141,SAIL,S495-9403,IN-401716-0000028-6,STEEL PIPE ERW SCH20 STAINLESS 316 50MM
1146,NTPC,NT84771988,IN-401716-0000028-6,ERW PIPE 50MM SCH20 STAINLESS STEEL 316
1142,HPCL,H66325673,IN-401716-0000028-6,make fag steel 50mm 316 pipe sch20 stainless erw
1143,BPCL,B-866073,IN-401716-0000028-6,make audco erw pipe 50 mm sch20 stainless steel 316
253,IOCL,659152017,IN-401716-0000029-4,100MM G.I. SCH160 PIPE ERW ASTM A106
254,GAIL,045018-G,IN-401716-0000029-4,ERW PIPE 100MM SCH160 GALVANIZED IRON
65,SAIL,S974-9930,IN-401015-0000030-2,CNT PMP 2HP STAINLESS STL
101,CIL,CIL027588,IN-401416-0000017-4,25MM CAST WAFER IRON CL150 BALL VALVE
103,SAIL,S951-8023,IN-401416-0000017-4,BALL VLV 25MM CL150 CI WAFER
102,GAIL,419138-G,IN-401416-0000017-4,cl150 iron valve wafer cast 25mm bll
751,ONGC,ON8974223,IN-401015-0000031-0,SCREW PMP 5HP CARBON STEEL
752,IOCL,920644111,IN-401015-0000031-0,SCREW PUMP 5HP C.STEEL IS 1239
1008,CPCL,MAT8418767,IN-401716-0000030-8,40MM G.I. PIPE SCH80 ERW
1007,IOCL,597177170,IN-401716-0000030-8,ERW PIPE 40 MM SCH80 GI
1010,GAIL,809473-G,IN-401716-0000030-8,ERW PIPE 40MM SCH80 G.I.
1009,BPCL,B-173033,IN-401716-0000030-8,ERW PIPE 40mm SCH80 G.I.
523,ONGC,ON5507896,IN-401416-0000018-2,BUTTERFLY VLV 100MM PN25 C.I. FLGD
737,CPCL,MAT3602344,IN-311616-0000029-4,he* nut m12 s.s. 304 zinc plated
736,CIL,CIL167221,IN-311616-0000029-4,MAKE FAG PLATED 304 M12 ZINC NUT HEX S.S.
739,BPCL,B-160211,IN-311616-0000029-4,HEX NUT M12 SS 304 ZINC PLATED
740,HPCL,H47868623,IN-311616-0000029-4,HE x NUT M12 STAINLESS STEEL 304 PLATED
738,BHEL,6903/2655,IN-311616-0000029-4,STAINLESS PLATED M12 304 NUT HEX ZINC STEEL
1117,ONGC,ON3234306,IN-311516-0000022-1,2rs roller brng spherical
1070,NTPC,NT95011152,IN-311616-0000030-8,HEX BOLT M8X80mm STAINLESS STEEL 316 ZINC PLATED
1069,HPCL,H22805883,IN-311616-0000030-8,MAKE L&T HEX BOLT M8X80MM SS 316 ZINC PLATED
1067,BPCL,B-403304,IN-311616-0000030-8,HE X BOLT M8 X 80 MM SS 316 ZINC MAKE AUDCO
1068,ONGC,ON2809241,IN-311616-0000030-8,plated bolt s.s. hex 316 m8x80mm zic
203,CPCL,MAT6372395,IN-311516-0000023-0,taper roller bearing 6305 zz
204,IOCL,286047658,IN-311516-0000023-0,Taper Roller Ber 6305 Zz
58,NTPC,NT58313237,IN-311516-0000023-0,TAPER ROLLER BEARING 6305
205,BPCL,B-938525,IN-311516-0000023-0,TAPER ROLLER BEARING 6305 ZZ
60,IOCL,498182992,IN-311516-0000023-0,TAPER ROLLLER BRG 6305
206,ONGC,ON3911192,IN-311516-0000023-0,taper roller brng 6305 zz
1047,SAIL,S940-7403,IN-311516-0000023-0,TAPER ROLLER BRNG ZZ
701,CIL,CIL646419,IN-401015-0000032-9,CENT PUMP 2HP
700,ONGC,ON1918548,IN-401015-0000032-9,CENTRF PMP 2HP CARBON STEEL
236,IOCL,269524991,IN-401716-0000031-6,AS PER IS2062 WELDED PIPE 15MM SCH40 STEEL 316
238,BPCL,B-806479,IN-401716-0000031-6,15MM PIPE WELDED SS SCH40 316
237,CIL,CIL616756,IN-401716-0000031-6,WELDED PIPE 15MM SCH40 STAINLESS STEEL 316
235,SAIL,S499-4657,IN-401716-0000031-6,STAINLESS STL SCH40 316 15mm WELDED PIPE
234,HPCL,H86463175,IN-401716-0000031-6,WELDED PIPE 15MM STAINLESS STL 316
922,GAIL,586267-G,IN-401716-0000031-6,15mm WELDED PIPE 316 S.S.
239,CPCL,MAT6556503,IN-401716-0000031-6,welded 15mm sch40 stainless steel 316
861,ONGC,ON2394564,IN-401015-0000033-7,AS PER IS2062 15HP GEAR CI
851,BPCL,B-221816,IN-401015-0000034-5,CENTRIFUGAL PMP 5HP CAST IRON
847,BHEL,3687/1568,IN-401015-0000034-5,CENT PMP 5HP CAST IRON
852,SAIL,S029-2864,IN-401015-0000034-5,CENTRIFUGAL PUMP 5HP C.I.
849,ONGC,ON3186830,IN-401015-0000034-5,Centrif Pump 5Hp Cast Iron
848,HPCL,H94036640,IN-401015-0000034-5,CENTRIFUGAL PUMP 5HP CAST IRON
1269,BPCL,B-187569,IN-261216-0000024-1,astm a106 cbl 3.5c x 6 sqmm al pvc armoured 3.3kv
704,IOCL,276332838,IN-311021-0000018-6,PTFE GSKT 150mm PN16
705,BPCL,B-267136,IN-311021-0000018-6,PTFE GASKET 150MM PN16
129,HPCL,H72181143,IN-261216-0000025-0,Cable 4Cx4 Mm2 Aluminium Xlpe Armoured 3.3Kv
828,SAIL,S149-7459,IN-401716-0000032-4,ERW PIPE 50 MM SCH40 STAINLESS STEEL 316
671,GAIL,326145-G,IN-401015-0000035-3,AS PER IS2062 GEAR PUMP C.STEEL
143,BHEL,1581/4491,IN-401015-0000035-3,gear pump 1hp c.steel
624,BPCL,B-821417,IN-401015-0000035-3,GEAR PMP CARBON STEEL
144,CPCL,MAT3682223,IN-401015-0000035-3,PMP C.STEEL GEAR 1HP MAKE SKF
145,BPCL,B-552314,IN-401015-0000035-3,GEAR PMP 1HP CARBON STEEL
469,CIL,CIL214526,IN-261216-0000026-8,CBL 4CX10 MM2 COPPEER PVC ARMOURED 1.1KV
467,GAIL,514940-G,IN-261216-0000026-8,4cx10 sqmm cable 1.1kv arm copper pvc astm a106
466,BPCL,B-218785,IN-261216-0000026-8,AS PER IS2062 CABLE PVC COPPER ARMD 4CX10 1.1KV SQMM
465,ONGC,ON7768893,IN-261216-0000026-8,Sq Mm Cable Cu 1.1Kv Armd 4Cx10
468,BHEL,5911/9186,IN-261216-0000026-8,CABLE 4C X 10 SQ.MM CU PVC ARMOURED 1.1KV MAKE POLYCAB
966,BPCL,B-776186,IN-311616-0000031-6,HE* NUT M16 GRADE 10.9 BLACK
965,HPCL,H56119989,IN-311616-0000031-6,hex m16 gr 10.9 black
967,SAIL,S565-9950,IN-311616-0000031-6,he x nut m16 gr 10.9 black
443,BPCL,B-349960,IN-261216-0000027-6,cable 3c*35 sq mm copper pvc unarm 11kv
440,CIL,CIL313348,IN-261216-0000027-6,CBL 3C*35 SQMM CU PVC UNARMOURED 11KV
441,HPCL,H34745245,IN-261216-0000027-6,CABLE 3Cx35 SQ MM CU PVC UNARMD 11KV MAKE POLYCAB
442,GAIL,450566-G,IN-261216-0000027-6,CBL 3C X 35 SQmm COPPER PVC 11KV
573,NTPC,NT12600308,IN-261216-0000028-4,ARMD CU MM 1CX6 SQ CBL 3.3KV XLPE
571,CPCL,MAT9365952,IN-261216-0000028-4,CABLE 1CX6 MM2 CU XLPE ARMOURED 3.3KV
572,SAIL,S998-2137,IN-261216-0000028-4,CABLE 1CX6 SQMM XLE ARMOURED 3.3KV AS PER IS2062
570,HPCL,H02300915,IN-261216-0000028-4,CABLE 1CX6 SQMM COPPER XLPE ARM 3.3KV
953,IOCL,628346334,IN-311616-0000032-4,SPRING WASHER M10 SS 316 PLAIN
952,CIL,CIL386194,IN-311616-0000032-4,SPRING WASHER M10 STAINLESS STEEL 316 PLAIN
951,BHEL,0356/5942,IN-311616-0000032-4,SPRING WASHER M10 STAINLESS STEEL 316 PLAIN
148,GAIL,314530-G,IN-401416-0000019-0,CHECK VALVE MM CL150 CI SCREWED
177,CPCL,MAT6655355,IN-311021-0000019-4,80MM GKT RING JOINT
1062,SAIL,S519-2474,IN-401716-0000033-2,SMLS PIPE 50MM SCH40 C.STEEL
1064,HPCL,H07883127,IN-401716-0000033-2,Smls Pipe 50Mm Carbon Steel
1065,IOCL,796365129,IN-401716-0000033-2,MAKE KIRLOSKAR SEAMLESS PIPE 50MM SCH40 C.STEEL
1066,BHEL,0360/7223,IN-401716-0000033-2,SMLS 50MM SCH40 CARBON STEEL
1063,CPCL,MAT5842330,IN-401716-0000033-2,SMLS PIPE 50MM SCH40 CAROBN STEEL
45,ONGC,ON1596966,IN-401416-0000020-4,BUTTERFLY VALVE 25MM PN16 FLG MAKE POLYCAB
42,BPCL,B-585149,IN-401416-0000020-4,Butterfly Valve 25Mm Pn16 Cast Iron Flanged
44,CPCL,MAT4978403,IN-401416-0000020-4,BUTTRFLY VLV 25MM PN16 C.I.
43,CIL,CIL120183,IN-401416-0000020-4,BUTTERFLY VALVE 25MM C.I. FLANGED
1168,NTPC,NT18881786,IN-311616-0000033-2,STUD BOLT M24X25MM SS 304 ZINC PLATED
1166,HPCL,H30106144,IN-311616-0000033-2,STUD BBOLT M24X25MM SS 304 ZINC
1167,GAIL,729697-G,IN-311616-0000033-2,ZINC M24X25MM 304 PLATED STL STUD BOLT STAINLESS
1169,IOCL,548070473,IN-311616-0000033-2,M24X25Mm Stud 304 Stainless Plated Stl Bolt Zinc
1165,BPCL,B-120753,IN-311616-0000033-2,STUD BOLT M24 X 25MM S.S. 304 ZINC PLATED
1164,CIL,CIL388287,IN-311616-0000033-2,STUD BOLT M24X25MM S.S. ZINC PLATED
75,CPCL,MAT0284395,IN-401716-0000034-0,Erw 25Mm Sch80 Stainless Steel 304
76,SAIL,S870-5685,IN-401716-0000034-0,ERW PIPE 25MM SCH80 STAINLESS STEEL 304
82,IOCL,039261429,IN-401015-0000036-1,7.5HP CSREW PMP C.I.
77,NTPC,NT73540331,IN-401015-0000036-1,CAST 7.5HP IRON SCRW PUMP
78,HPCL,H71753556,IN-401015-0000036-1,SCREW PUMP 7.5HP CAST IRON
81,GAIL,933410-G,IN-401015-0000036-1,SCREW 7.5HP C.I.
80,BPCL,B-700886,IN-401015-0000036-1,CI 7.5HP SCREW PMP
79,CIL,CIL725228,IN-401015-0000036-1,SCREW 7.5HP CI PUMP
948,IOCL,408992177,IN-261216-0000029-2,CBL 3C x 16 SQMM AL x LPE ARMOURED 11KV
949,GAIL,242224-G,IN-261216-0000029-2,cbl 3c x 16 sq mm aluminium x lpe armoured 11kv
298,IOCL,650637314,IN-311516-0000024-8,zz bearing ball
873,IOCL,936785764,IN-311516-0000024-8,MAKE POLYCAB 30205 ZZ BEARING BALL
135,CPCL,MAT7982708,IN-311021-0000020-8,ptfe gkt 100mm cl150
133,GAIL,199488-G,IN-311021-0000020-8,ptfe gkt 100mm cl150 astm a106
134,ONGC,ON4885102,IN-311021-0000020-8,PTFE GKT 100MM CL150
695,BHEL,6901/7074,IN-311616-0000034-0,steel m12x100mm stainless 304 plain hex bolt astm a106
694,NTPC,NT95668448,IN-311616-0000034-0,S.S. HE BOLT PLAIN x 304 x M12 100MM
803,IOCL,931539839,IN-401416-0000021-2,make audco check valve 50mm cl300 c.steel wafer
801,BPCL,B-594972,IN-401416-0000021-2,CHEK VLV 50MM CL300 CARBON STEEL WAFER
802,ONGC,ON9992998,IN-401416-0000021-2,CHECK VALVE 50MM CL300 CS WAFER ASTM A106
800,CPCL,MAT8821597,IN-401416-0000021-2,check vlv 50mm cl300 c.steel wafer
804,HPCL,H30491341,IN-401416-0000021-2,CHECK VLV 50MM CL300 CS WAFER
837,ONGC,ON4809573,IN-311616-0000035-9,SUD BOLT M6x25mm GRADE 8.8 PLAIN
6,NTPC,NT26247317,IN-261216-0000030-6,CBL 2CX50 MM2 COPPER XLPE UNARMOURED 3.3KV MAKE AUDCO
5,IOCL,473829973,IN-261216-0000030-6,MAKE SKF COPPER 3.3KV SQ.MM 2CX50 UNARMOURED XLPE CABLE
2,HPCL,H10122691,IN-261216-0000030-6,CBL 2C X 50 SQ MM CU X LPE UNARM 3.3KV
7,BPCL,B-468723,IN-261216-0000030-6,Cbl 2Cx50 Sqmm Copper Unarmoured 3.3Kv
3,GAIL,148932-G,IN-261216-0000030-6,CABLE 2C x 50 SQMM CU x LPE UNARMD 3.3KV
4,CPCL,MAT8248963,IN-261216-0000030-6,CAABLE 2CX50 SQMM CU XLPE UNARM 3.3KV ASTM A106
1272,GAIL,174436-G,IN-401416-0000022-0,Butterfly Valve 150Mm Pn25 C.I. Flanged Make Kirloskar
1271,HPCL,H53298568,IN-401416-0000022-0,BUTTERFLY VALVE 150MM PN25 CAST IRON MAKE L&T
1270,NTPC,NT24256600,IN-401416-0000022-0,BUTTERFLY VLV 150MM PN25 CAST FLG
880,ONGC,ON4478674,IN-311516-0000025-6,2rs roller bearig taper
360,BHEL,4260/8805,IN-401416-0000023-9,WAFER STEEL GATE CL150 100MM STAINLESS VLV
361,SAIL,S591-0300,IN-401416-0000023-9,GAE VLV 100MM CL150 STAINLESS STEEL WAFER MAKE KIRLOSKAR
999,NTPC,NT26379412,IN-401416-0000024-7,BUTTERFLY VALVE 80mm PN25 CS SCREWED
1000,IOCL,197892594,IN-401416-0000024-7,Butterfly Valve 80Mm Pn25 Carbon Steel Screwed Make Kirloskar
1003,CPCL,MAT6217204,IN-401416-0000024-7,80MM BUTTERFLY SCREWED PN25 VALVE C.STEEL
1001,ONGC,ON0388193,IN-401416-0000024-7,VLV C.STEEL BUUTTERFLY 80MM SCREWED
1002,BHEL,2836/0308,IN-401416-0000024-7,PN25 C.STEEL SCREWED VLV 80MM BUTTERFLY
502,BPCL,B-321061,IN-261216-0000031-4,CBL 3.5Cx1.5 SMQM ALUMINIUM xLPE UNARMOURED 11KV
504,CPCL,MAT1053365,IN-261216-0000031-4,CABLE 3.5CX1.5 SQMM ALU XLPE UNARMOURED 11KV
557,IOCL,040961497,IN-401716-0000035-9,make polycab smls pipe 15mm sch40 iron
463,CPCL,MAT8565271,IN-401716-0000036-7,ERW PIPE 15MM SCH160 GALVANIZED IRON
461,HPCL,H91911359,IN-401716-0000036-7,ERW PIPE 15 MM SCH160 G.I.
462,IOCL,039205146,IN-401716-0000036-7,ERW PIPE 15 MM SCH160 GALVANIZED IRON
464,GAIL,501394-G,IN-401716-0000036-7,ERW 15MM GI PIPE SCH160
121,GAIL,972798-G,IN-261216-0000032-2,CBL 3.5CX1.5 mm2 ALUMINIUM PVC ARM 1.1KV
122,ONGC,ON6657437,IN-261216-0000032-2,3.5c x sq 1.5 pvc mm 1.1kv cbl armoured al
120,CPCL,MAT8214862,IN-261216-0000032-2,SQ.MM ARMOURED 1.1KV 3.5CX1.5 CABLE PVC ALU
123,BPCL,B-830965,IN-261216-0000032-2,CBL 3.5C x 1.5 SQM ALU PVC ARMOURED 1.1KV
477,CPCL,MAT3280771,IN-401716-0000037-5,MAKE FAG SMLS PIPE MM STAINLESS 316 SCH40 80 STEEL
474,IOCL,031723513,IN-401716-0000037-5,SMLS PIPE 80MM SCH40 STAINLESS STL 316
473,NTPC,NT08031499,IN-401716-0000037-5,SMLS PIPE 80MM SCH40 STAINLESS STEEL 316
476,ONGC,ON3749060,IN-401716-0000037-5,SEAMLESS PIPE 80MM SCH40 STAINLESS STEEL 316
475,GAIL,022939-G,IN-401716-0000037-5,Seamless Pipe Sch40 Stainless Stl 316
472,SAIL,S899-8868,IN-401716-0000037-5,SMLS PIPE 80MM SCH40 S.S. 316
874,CPCL,MAT5525274,IN-311021-0000021-6,PN16 GSKT PPTFE 50 REF DWG
1221,GAIL,126719-G,IN-401716-0000038-3,smls pipe sch160 stainless stl 316
1223,NTPC,NT92229317,IN-401716-0000038-3,SEAMLESS PIPE MM SCH160 STAINLESS STL 316
68,GAIL,454019-G,IN-261216-0000033-0,SQ. 4 x ARMOURED 1.1KV LPE CAABLE x MM ALUMINIUM 3.5C
66,CPCL,MAT5854973,IN-261216-0000033-0,CBL 3.5CX4 SQMM ALU XLPE ARMOURED 1.1KV
67,NTPC,NT65240415,IN-261216-0000033-0,CBL 3.5CX4 SQMM ALUMINIUM XLPE ARMD 1.1KV
231,IOCL,611076031,IN-311516-0000026-4,bearing 30210 2rs roller
230,BPCL,B-075452,IN-311516-0000026-4,ROLLER BRG 30210 2RS
1255,NTPC,NT35442524,IN-311021-0000022-4,pfte gskt 80mm cl150
385,NTPC,NT81056974,IN-401716-0000039-1,Smls Pipe 50Mm Sch160 Stainless Stl 304
386,BHEL,0496/7066,IN-401716-0000039-1,304 50mm seamless ss sch160 pipe
384,IOCL,342967111,IN-401716-0000039-1,make skf seamless pipe 50mm sch160 stainless tseel 304
59,HPCL,H17785289,IN-311516-0000027-2,TAPER ROLLER BRRNG 6305
556,BPCL,B-350557,IN-401716-0000040-5,SMLS PIPE 15MM SCH40 GALV IRON
555,CIL,CIL020586,IN-401716-0000040-5,SMLS PIPE 15mm SCH40 GI
560,SAIL,S488-8995,IN-401716-0000040-5,As Per Is2062 Galvanized Sch40 Iron Pipe Smls 15Mm
558,BHEL,1189/3940,IN-401716-0000040-5,SCH40 SEAMLESS GALV PIPE 15MM IRON
881,BHEL,9905/5855,IN-401015-0000037-0,SUBMERSIBLE PUMP 10HP
150,GAIL,280920-G,IN-401015-0000037-0,SUBMERSIIBLE PMP 10HP SS AS PER IS2062
149,CPCL,MAT5779082,IN-401015-0000037-0,submersible pump 10hp stainless stl
155,IOCL,883920530,IN-261216-0000034-9,ARMOURED SQMM CABLE XLPE AL 1CX4 1.1KV
648,ONGC,ON8131045,IN-311516-0000028-0,SPHERICAL ROLLER BER 6205 ZZ
645,BPCL,B-507105,IN-311516-0000028-0,Spherical Roller Brng 6205 Zz Make Kirloskar
647,BHEL,2987/6989,IN-311516-0000028-0,ROLLER SPHERICAL ZZ BEARING 6205
649,SAIL,S860-6739,IN-311516-0000028-0,ZZ SPHERICAL ROLLER 6205 BER
646,CIL,CIL105370,IN-311516-0000028-0,SPHERICAL ROLLER BEARING 6205 ZZ
754,BPCL,B-114003,IN-311516-0000029-9,MAKE L&T BEARING 6307 2RS ROLLER
297,CIL,CIL533106,IN-311516-0000029-9,roller bearing 6307
755,HPCL,H59084194,IN-311516-0000029-9,ROLLER BER 6307 2RS
1132,CPCL,MAT0703780,IN-000000-0000002-7,Steel Screwed Check Vave Stainless Cl300 200Mm
190,CIL,CIL966055,IN-261216-0000035-7,cable 1cx50 sqmm cu pvc unarmoured 1.1kv make kirloskar
187,BHEL,0777/8097,IN-261216-0000035-7,cable 1cx50 sqmm copper pvc unarmoured 1.1kv
189,GAIL,179469-G,IN-261216-0000035-7,PVC 1.1KV UNARMD MM2 CBL 1C*50 COPPER
186,CPCL,MAT9268602,IN-261216-0000035-7,cbl 1cx50 sqmm copper pvc unarm 1.1kv
188,ONGC,ON2249998,IN-261216-0000035-7,CBL 1C x 50 SQ MM PVC UNARMD 1.1KV
185,SAIL,S266-5702,IN-261216-0000035-7,cable 1cx50 sqmm cu pvc 1.1kv
261,CPCL,MAT3757383,IN-311516-0000030-2,BALL BEARING 6205 ZZ REF DWG
536,CPCL,MAT0326714,IN-311516-0000030-2,BALL BRG 6205 AS PER IS2062
262,BHEL,9341/7223,IN-311516-0000030-2,BALL BEARING 6205 ZZ
263,ONGC,ON0156193,IN-311516-0000030-2,BALL BER 6205 ZZ
260,NTPC,NT76789973,IN-311516-0000030-2,BALL BRNG 6205 ZZ
264,IOCL,771199180,IN-311516-0000030-2,BALL BRG 6205 ZZ
538,NTPC,NT45593766,IN-311516-0000030-2,brg 6205 ball ref dwg
383,NTPC,NT00389608,IN-401716-0000041-3,IS 1239 ERW PIPE 80MM SCH40 STAINLESS STEEL 316
379,SAIL,S569-8152,IN-401716-0000041-3,REF DWG ERW PIIPE 80MM SCH40 STAINLESS STL 316
382,CIL,CIL990516,IN-401716-0000041-3,STAINLESS 316 ERW STL PIPE 80MM SCH40 IS 1239
380,IOCL,661912841,IN-401716-0000041-3,ERW PIPE SCH40 STAINLESS STEEL 316
378,GAIL,902517-G,IN-401716-0000041-3,316 80mm erw stainless sch40 stl pipe
971,BHEL,7592/3831,IN-261216-0000036-5,CABLE 4CX2.5 SQMM ALUMINIUM XLPE ARMD 11KV
973,CIL,CIL096598,IN-261216-0000036-5,CBL 4Cx2.5 SQ.MM AL xLPE ARM 11KV MAKE SKF
968,BPCL,B-147852,IN-261216-0000036-5,CABLE SQMM ALU xLPE ARMOURED 11KV
972,CPCL,MAT9121852,IN-261216-0000036-5,SQMM CBL XLPE 11KV ARM 4CX2.5 REF DWG
969,NTPC,NT18664774,IN-261216-0000036-5,Cable 4C*2.5 Sqmm Alu *Lpe Armoured 11Kv
970,SAIL,S178-9559,IN-261216-0000036-5,CABLE 4Cx2.5 SQ.MM AL ARMOURED 11KV MAKE L&T
743,BHEL,4818/6746,IN-261216-0000037-3,CBL 1C X 1.5 SQMM COPPER X LPE ARM 3.3KV
744,IOCL,458294203,IN-261216-0000037-3,cable 1cx1.5 sqmm cu xlpe arm 3.3kv
708,BHEL,9125/7349,IN-311021-0000023-2,PTFE GKT PN16
53,IOCL,609539621,IN-311616-0000036-7,8.8 m20 gr washer black spring astm a106
811,GAIL,880265-G,IN-401015-0000038-8,CENTRIF PMP 10HP CAST IRRON
809,HPCL,H80558115,IN-401015-0000038-8,centrifugal pump 10hp iron
812,IOCL,708987092,IN-401015-0000038-8,CENT C.I. 10HP PMP
808,CPCL,MAT6519170,IN-401015-0000038-8,centrifugal pmp 10hp cast
339,SAIL,S704-1200,IN-401416-0000025-5,globe valve pn25 ci wafre
340,GAIL,862369-G,IN-401416-0000025-5,GLOBE VLV 25MM PN25 CAST IRON WAFER
393,ONGC,ON9376392,IN-401716-0000042-1,erw piipe 15mm sch160 c.steel
389,CIL,CIL795083,IN-401716-0000042-1,Steel Erw 15Mm Carbon Pipe Sch160 Ref Dwg
392,CPCL,MAT0978875,IN-401716-0000042-1,ERW PIPE 15MM SCH160 CARBON STEEL
391,SAIL,S536-9026,IN-401716-0000042-1,REF DWG ERW 15MM SCH160 CARBON STEEL
1163,CPCL,MAT6355877,IN-261216-0000038-1,MAKE KIRLOSKAR CABLE 1CX4 SQMM ALUMINIUM PVC ARMOURED 11KV
1162,ONGC,ON6823137,IN-261216-0000038-1,CBL 1CX4 SQ MM ALUMINIUM PVC ARMD 11KV
816,NTPC,NT16409891,IN-311516-0000031-0,MAKE AUDCO NU309 BRG BALL
742,IOCL,088634673,IN-311616-0000037-5,ss zinc spring m10 316 plated
741,BHEL,8486/4708,IN-311616-0000037-5,SPRING WASHER M10 STAINLEESS STEEL 316 ZINC PLATED
773,BHEL,0235/1025,IN-311021-0000024-0,50Mm Cl150 Wound Gasket Spiral
774,BPCL,B-933324,IN-311021-0000024-0,SPIRAL WOUND AGSKET 50 MM CL150
1113,ONGC,ON9138130,IN-311616-0000038-3,make l&t spring washer m6 stainless steel 316 galvanized
1179,CIL,CIL405377,IN-401716-0000043-0,SEAMLESS PIPE 80MM SCH20 G.I. ASTM A106
1178,SAIL,S964-5876,IN-401716-0000043-0,ASTM A106 80MM PPE G.I. SMLS SCH20
1176,NTPC,NT97155793,IN-401716-0000043-0,SMLS IPE 80MM SCH20 GALVANIZED IRON
1180,IOCL,805383385,IN-401716-0000043-0,SEAMLESS PIPE 80MM SCH20 GI ASTM A106
85,GAIL,993712-G,IN-401416-0000026-3,CHECK 200mm WAFER SS VALVE
84,CIL,CIL956046,IN-401416-0000026-3,CECK VLV 200MM CL300 STAINLESS STL WAFER
83,IOCL,619431142,IN-401416-0000026-3,Check Vlv 200Mm Cl300 S.S. Wafer
860,BPCL,B-392220,IN-401015-0000039-6,make polycab gar pmp 15hp ci
935,HPCL,H83168163,IN-261216-0000039-0,MAKE FAG CABLE 2CX10 SQ.MM AL PVC UNARMOURED 3.3KV
937,IOCL,556192767,IN-261216-0000039-0,UNARMD 2CX10 ALUMINIUM SQ.MM 3.3KV PVC CBL
936,SAIL,S521-4107,IN-261216-0000039-0,CABLE 2CX10 SQMM AL PVC UNARM 3.3KV
397,HPCL,H76741241,IN-261216-0000039-0,SQMM CBL ALUMINIUM 3.3KV PVC UNARM
537,BHEL,2775/8446,IN-311516-0000032-9,MAKE POLYCAB BAALL BEARING 6205
959,NTPC,NT71402503,IN-401015-0000040-0,SUBMERSIBLE PUMP 2HP STEEL
954,SAIL,S288-9594,IN-401015-0000040-0,Submersible Pump 2Hp S.S.
955,BHEL,6504/7188,IN-401015-0000040-0,Submersible Pump 2Hp Stainless Steel
956,ONGC,ON6798994,IN-401015-0000040-0,SUBMERSIBLE PUMP 2HP SS
957,GAIL,715675-G,IN-401015-0000040-0,submersible pump 2hp s.s.
958,CPCL,MAT0450566,IN-401015-0000040-0,2HP SUBMERSIBLE STAINLESS STL PMP
543,SAIL,S852-8306,IN-311516-0000033-7,TAPER ROLLER BEARING 6206 2RS
542,CPCL,MAT1488608,IN-311516-0000033-7,MAKE L&T TAPER ROLLR BER 6206 2RS
541,IOCL,069176799,IN-311516-0000033-7,TAPER ROLLER BRNG 6206 2RS
539,HPCL,H92024617,IN-311516-0000033-7,TAPER ROLLER BEARING 6206 2RS
540,GAIL,332584-G,IN-311516-0000033-7,2RS RLLER 6206 BEARING TAPER
891,CPCL,MAT6371142,IN-000000-0000003-5,AS PER IS2062 JOINT RING PN16 100MM
670,SAIL,S815-2692,IN-401015-0000041-8,AS PER IS2062 GEAR PMP 15HP CARBON STEEL
672,NTPC,NT18452354,IN-401015-0000041-8,geear pmp 15hp carbon steel
652,CPCL,MAT1515325,IN-261216-0000040-3,cable 2cx10 sqmm aluminium xlpe unarm 1.1kv
653,CIL,CIL503100,IN-261216-0000040-3,CABLE 2C x 10 mm2 ALUMINIUM x LPE 1.1KV
651,BPCL,B-695354,IN-261216-0000040-3,CABLE 2C x 10 SQ MM x LPE UNARM 1.1KV
436,GAIL,276015-G,IN-311021-0000025-9,SPIRAL WOUND GKT 25MM CL150
435,BPCL,B-942904,IN-311021-0000025-9,AS PER IS2062 SPIRAL WOUND GKT 25MM CL150
731,CIL,CIL034398,IN-311021-0000025-9,SPIRAL WOUND GASKET 25MM
437,HPCL,H33506158,IN-311021-0000025-9,SPIRAL WOUND 25MM CL150
439,CIL,CIL997046,IN-311021-0000025-9,WOUND SPIRAL CL150 GSKT 25MM
434,IOCL,494902284,IN-311021-0000025-9,SPIRAL WOUND GSKT 25MM CL150
791,IOCL,538590673,IN-401015-0000042-6,centrifugal pmp 1hp c.i.
790,BHEL,9833/0677,IN-401015-0000042-6,CENTRIFUGAL PUMP 1HP CI
792,CPCL,MAT9221704,IN-401015-0000042-6,CENTRIFUGAL PUMP 1HP CI
15,HPCL,H68727743,IN-311616-0000039-1,ALLEN BOLT M24X20MM GR 10.9 PLAIN
16,NTPC,NT66587603,IN-311616-0000039-1,allen bolt m24 20mm grade 10.9 plain
14,BPCL,B-163287,IN-311616-0000039-1,ALLEN BOLT M24X20MM GR 10.9 PLAIN
13,CIL,CIL895134,IN-311616-0000039-1,Allen Grade Bolt M24X20Mm Plain 10.9
92,NTPC,NT72190340,IN-401015-0000043-4,SUBMERSIBLE PUMP 15HP CI MAKE AUDCO
90,CIL,CIL714785,IN-401015-0000043-4,submersible ump 15hp cast iron
91,SAIL,S692-9662,IN-401015-0000043-4,Pump Cast 15Hp Submersible Iron
93,IOCL,613407451,IN-401015-0000043-4,SUBMERSIBLE PMP 15HP C.I.
256,BHEL,4224/3864,IN-401716-0000044-8,erw pipe 50mm sch80 gi
259,GAIL,147276-G,IN-401716-0000044-8,50MM G.I. SCH80 PIPE ERW
258,SAIL,S769-7499,IN-401716-0000044-8,ippe erw sch80 50mm g.i.
257,BPCL,B-722601,IN-401716-0000044-8,ERW PIPE 50MM SCH80 GALVANIZED IRON
49,NTPC,NT48652816,IN-311616-0000040-5,m12x20mm hex gr. bolt 10.9 zinc plated
47,SAIL,S679-8079,IN-311616-0000040-5,MAKE KIRLOSKAR HE* BOLT M12*20MM GR. 10.9 ZINC PLATED
46,IOCL,799799552,IN-311616-0000040-5,Make L&T 10.9 X He Plated 20Mm Bolt Gr. M12 Zinc X
48,BHEL,7889/2554,IN-311616-0000040-5,he x bolt m12 x 20mm grade 10.9 zinc plated
492,ONGC,ON0622923,IN-401015-0000044-2,PMP 7.5HP GEAR STL STAINLESS
496,CIL,CIL733055,IN-401015-0000044-2,GEAR PMP 7.5HP SS MAKE AUDCO
493,NTPC,NT15794238,IN-401015-0000044-2,Gear Pmp 7.5Hp S.S.
494,GAIL,563353-G,IN-401015-0000044-2,GEAR STAINLESS STEEEL 7.5HP PUMP
495,BHEL,9933/7970,IN-401015-0000044-2,GEAR PUMP 7.5HP STAINLESS STEEL
1033,HPCL,H15755716,IN-401416-0000027-1,CHECK VALVE 200MM PN16 CARBON STEEL WAFER
789,BHEL,8154/1858,IN-311616-0000041-3,allen bolt m6 x 50mm gr. 10.9 zinc plated
786,ONGC,ON9025485,IN-311616-0000041-3,ALLEN PLATED 10.9 M6x50MM ZINC BOLT GRADE
787,CIL,CIL742164,IN-311616-0000041-3,bolt plated 10.9 allen m6x50mm zinc grade
785,GAIL,701799-G,IN-311616-0000041-3,PLATED GR 10.9 ALLEN BOLT M6 ZINC 50MM X
788,CPCL,MAT8844370,IN-311616-0000041-3,ALLEN BOLT M6X50MM GR 10.9 ZINC
562,GAIL,157245-G,IN-401716-0000045-6,smls pipe sch40 gi make l&t
563,BHEL,9025/5618,IN-401716-0000045-6,MAKE L&T SEAMLESS PIPPE 150MM SCH40 GI
564,NTPC,NT70867009,IN-401716-0000045-6,SMLS PIPE 150MM SCH40 GALVANIZED IRON AS PER IS2062
1154,BPCL,B-961968,IN-401416-0000028-0,BUTTERFLY VLV 50mm PN16 C.STEEL SCREWED
1155,CPCL,MAT0819714,IN-401416-0000028-0,BUTTERLY VLV 50MM PN16 C.STEEL SCREWED
1153,SAIL,S123-9933,IN-401416-0000028-0,MAKE FAG BUTTERFLY VALVE 50MM PN16 CARBON STEEL SCREWED
650,SAIL,S107-4091,IN-261216-0000041-1,cable 2cx10 mm2 alu xlpe unarmoured 1.1kv as per is2062
1004,CPCL,MAT0342519,IN-261216-0000042-0,CABLE X 50 SQ MM ALU X LPE UNARMOURED 1.1KV MAKE KIRLOSKAR
1005,HPCL,H60221690,IN-261216-0000042-0,1.1KV 50 AL x 4C UNARM CABLE x MM2
1006,BPCL,B-657351,IN-261216-0000042-0,Cable 4Cx50 Sqmm Aluminium Xlpe Unarmd 1.1Kv Make Polycab
411,BPCL,B-409079,IN-000000-0000004-3,submersible puump cs
97,ONGC,ON2713611,IN-401716-0000046-4,MSLS PIPE 150MM SCH40 STAINLESS STL 304 MAKE L&T
1124,ONGC,ON9570934,IN-311021-0000026-7,CAF GKT 100MM CL300
1123,HPCL,H96227238,IN-311021-0000026-7,CAF GASKET 100MM CL300
497,GAIL,615727-G,IN-311021-0000027-5,ptfe gskt 150 mm cl150
498,CIL,CIL752568,IN-311021-0000027-5,150MM PTFE GASKET CL150
501,BHEL,8103/9033,IN-311021-0000027-5,PTFE GSKT 150MM CL150
500,SAIL,S214-3308,IN-311021-0000027-5,Ptfe Gasket 150Mm Cl150
499,HPCL,H22182315,IN-311021-0000027-5,ptfe gkt 150mm cl150
879,SAIL,S641-5780,IN-311516-0000034-5,TAPER ROLLER BARING 22210 2RS
877,GAIL,762381-G,IN-311516-0000034-5,TAPER ROLLER BRNG 22210 2RS MAKE KIRLOSKAR
878,CIL,CIL108479,IN-311516-0000034-5,TAPER BRNG 22210 2RS
876,HPCL,H13068624,IN-311516-0000034-5,TAPER ROLLER BRG 22210 2RS MAKE AUDCO
1158,SAIL,S628-6603,IN-311516-0000035-3,MAKE AUDCO ROLLER BRNG 6305 2RS
1160,ONGC,ON7215052,IN-311516-0000035-3,ROLLER BEARING 6305 2RS IS 1239
1156,GAIL,941429-G,IN-311516-0000035-3,ROLLER BEARING 6305 2RS REF DWG
1159,CIL,CIL402157,IN-311516-0000035-3,roller brng 6305 2rs
1157,CPCL,MAT3016472,IN-311516-0000035-3,ROLLER 2RS 6305 BEARING
1161,BPCL,B-232210,IN-311516-0000035-3,ROLLR BER 6305 2RS
726,CIL,CIL693353,IN-401716-0000047-2,MAKE AUDCO SEAMLESS PIPE 40MM SCH80 SS 316
287,HPCL,H97317912,IN-311021-0000028-3,ptfe gasket 25mm cl150
289,SAIL,S027-3415,IN-311021-0000028-3,CL150 25MM GKT PTFE
288,CIL,CIL337363,IN-311021-0000028-3,PTFE GKT 25MM CL150
1149,CPCL,MAT0295738,IN-261216-0000043-8,cbl 2c x 35 sqmm aluminium x lpe unarmoured
1148,HPCL,H96558681,IN-261216-0000043-8,Cbl 2C X 35 Mm2 Aluminium X Lpe Unarmoured 3.3Kv
1099,BHEL,6389/0124,IN-311021-0000029-1,CL150 JOINT RING 25MM GASKET
165,HPCL,H97497350,IN-261216-0000044-6,CABLE MM 3.3KV SQ COPPER 4CX50 PVC UNAMRD
218,CPCL,MAT6257016,IN-261216-0000045-4,CABLE 2Cx4 SQ.MM CU PVC ARM
219,SAIL,S055-2818,IN-261216-0000045-4,CBL 2CX4 SQMM CU PVC ARMOURED
221,HPCL,H46827567,IN-261216-0000045-4,ARM PVC 1.1KV CBL SQMM 2CX4 CU
223,BHEL,9274/5238,IN-261216-0000045-4,CBL 2Cx4 SQ MM COPPER PVC ARMD 1.1KV
220,CIL,CIL401557,IN-261216-0000045-4,CBL 2CX4 SQMM CU PVC ARMOURED 1.1KV
222,GAIL,924243-G,IN-261216-0000045-4,CBL 2CX4 SQMM CU PVC ARMOURED 1.1KV
1140,GAIL,606734-G,IN-401716-0000048-0,welded pipe 80mm sch160 ss 304
1128,SAIL,S552-8337,IN-311616-0000042-1,4.6 plated grade m16x20mm hex bolt zinc
1125,CPCL,MAT4295449,IN-311616-0000042-1,HEx BOLT M16x20MM GR. 4.6 ZNIC PLATED
1126,HPCL,H01617344,IN-311616-0000042-1,HE* BOLT M16*20MM GRADE 4.6 ZINC PLATED
1127,ONGC,ON1001707,IN-311616-0000042-1,HEX BOLT M16X20 MM 4.6 ZINC PLATED
125,HPCL,H52175250,IN-401015-0000045-0,STAINLESS 5HP STL PMP SCREEW
124,BHEL,5135/3465,IN-401015-0000045-0,MAKE FAG SCREW PMP 5HP STAINLESS STL
841,GAIL,327237-G,IN-401416-0000029-8,GATE VLV 80MM CL300 CAST IRON WAFER
842,IOCL,176755398,IN-401416-0000029-8,GATE VALVE 80mm CL300 CI WAFRE
940,BPCL,B-688300,IN-311516-0000036-1,ROLER BRG 2RS
128,BPCL,B-046184,IN-311516-0000037-0,ROLLER BRG 6305 ZZ SPHERICAL
126,NTPC,NT35421689,IN-311516-0000037-0,SPHERICAL ROLLER BEARING 6305 ZZ
127,IOCL,260332309,IN-311516-0000037-0,spherical roller brg 6305 zz
1084,NTPC,NT91929692,IN-311616-0000043-0,STUD BOLT M20 x 20MM SS 304 GALV
1086,IOCL,724525737,IN-311616-0000043-0,galvanized bolt stud teel m20x20mm stainless 304
1085,CPCL,MAT8578872,IN-311616-0000043-0,STUD BOTL M20x20MM S.S. 304 GALVD
1088,GAIL,880316-G,IN-311616-0000043-0,GALV STUD S.S. BOLT M20x20MM
356,BPCL,B-990155,IN-401015-0000046-9,CENTTRIF 5HP PMP S.S.
1015,BHEL,8753/1198,IN-261216-0000046-2,CBL 2C X 10 SQ MM ALU PVC ARMOURED MAKE AUDCO
1018,GAIL,888070-G,IN-261216-0000046-2,CBL SQMM ALUMINIUM PVC ARMOURED 3.3KV
1016,ONGC,ON8878602,IN-261216-0000046-2,CBL 2CX10 SQMM ALUMINIUM PVC ARMD 3.3KV
1019,CPCL,MAT4662750,IN-261216-0000046-2,CBL 3.3KV 2CX10 PVC SQMM AL ARMOURED MAKE KIRLOSKAR
1017,HPCL,H79872873,IN-261216-0000046-2,CABLE 2CX10 SQMM AL PVC ARM 3.3KV
888,HPCL,H40799230,IN-401716-0000049-9,WELDED PIPE 25MM CARBON STEEL
1021,BHEL,0925/1920,IN-311021-0000030-5,GSKT WOUND MM SPIRAL 80 CL150 MAKE FAG
839,IOCL,088295868,IN-311616-0000044-8,8.8 BOLT STUD GR M6*25 PLAIN MM MAKE AUDCO
836,NTPC,NT19797972,IN-311616-0000044-8,stud bolt m6x25mm gr. 8.8 plain
840,GAIL,748317-G,IN-311616-0000044-8,STUD BOLT M6 x GRADE 8.8 PLAIN
838,CPCL,MAT1589258,IN-311616-0000044-8,8.8 PLAIN M6X25MM BOLT STUD GRADE
835,BHEL,9442/3860,IN-311616-0000044-8,STUD BOLT M6X25MM GR. 8.8 PLAIN
623,CPCL,MAT6503440,IN-401015-0000047-7,GEAR PMP 25HP CS
621,BHEL,6246/7287,IN-401015-0000047-7,C.STEEL 25HP GEAR PMP
622,SAIL,S613-3760,IN-401015-0000047-7,GEAR PMP 25HP CARBON STEEL
1139,SAIL,S934-2883,IN-401416-0000030-1,BALL VALVE 50MM PN25 CATS IRON FLG MAKE L&T
1137,CPCL,MAT4037043,IN-401416-0000030-1,BALL VLV 50MM PN25 CAST IRON FLGD
1136,HPCL,H63342285,IN-401416-0000030-1,BALL VLV 50 MM PN25 CAST IRON FLGD
1138,IOCL,769680645,IN-401416-0000030-1,CI 50MM VALVE BALL PN25 FLANGED MAKE FAG
1135,BHEL,6852/2476,IN-401416-0000030-1,BALL VLV 50MM PN25 CAST IRON FLG
759,NTPC,NT08424319,IN-311021-0000031-3,150MM GASKET JOINT CL150 RING
758,GAIL,516913-G,IN-311021-0000031-3,RIING JOINT GKT CL150 150mm
478,HPCL,H42573066,IN-311516-0000038-8,ROLLER BEARING 6003 2RS
479,SAIL,S688-0925,IN-311516-0000038-8,roller 2rs 6003 ber
56,IOCL,165820297,IN-261216-0000047-0,CBL 3C*2.5 mm2 CU PVC UNARMOURED 1.1KV
57,BPCL,B-027868,IN-261216-0000047-0,CBL 3CX2.5 SQMM CU PVC UNARM 1.1KV
55,GAIL,416169-G,IN-261216-0000047-0,CBL 3CX2.5 SQMM CU PVC UNARMD 1.1KV
54,CPCL,MAT4303054,IN-261216-0000047-0,CABLE 3CX2.5 SQ.MM COPPER PVC UNARM
311,BHEL,6552/8993,IN-261216-0000048-9,cbl 3cx35 sq aluminium pvc unarm 3.3kv
310,SAIL,S991-5668,IN-261216-0000048-9,3CX35 PVC 3.3KV CBL ALUMINIUM UNARM Smm
960,HPCL,H75867036,IN-261216-0000048-9,x SQMM UNARM 3C CABLE 35 ALUMINIUM LPE 3.3KV
964,IOCL,656582344,IN-261216-0000048-9,CBL 3C*35 SQMM ALU *LPE UNARMOURED 3.3KV
961,CIL,CIL335761,IN-261216-0000048-9,CABLE 3C*35 SQ MM AL *LPE UNARM 3.3KV
309,GAIL,148727-G,IN-261216-0000048-9,CABLE 3CX35 SQMM AL PVC UNARMD 3.3KV
308,HPCL,H05057397,IN-261216-0000048-9,CABLE ALUMINIUM 3.3KV UNARMOURED 3CX35 MM2 PVC
990,ONGC,ON5512944,IN-401015-0000048-5,CI 7.5HP PUMP SUBMERSIBLE REF DWG
991,IOCL,477656590,IN-401015-0000048-5,Submersible Pump 7.5Hp C.I.
989,SAIL,S830-7755,IN-401015-0000048-5,SUBMERSIBLE PUMP 7.5HP CI MAKE FAG
606,IOCL,393049366,IN-000000-0000005-1,CHECK AVLVE 80mm CL300 STAINLESS STL FLANGED AS PER IS2062
577,BHEL,0872/6176,IN-000000-0000005-1,BALL VAVLE 80MM CL300 SS FLG
488,GAIL,912975-G,IN-311616-0000045-6,GRADE 4.6 PLAIN AWSHER SPRING M12
491,ONGC,ON7015959,IN-311616-0000045-6,M12 PLAIN GR. 4.6 SPRING WASHER
490,BHEL,2694/9684,IN-311616-0000045-6,spring washer m12 gr 4.6 plain make fag
487,IOCL,254837441,IN-311616-0000045-6,SPRING WASHER M12 4.6 PLAIN
489,CPCL,MAT3737927,IN-311616-0000045-6,Spring Washer M12 Grade 4.6 Lpain
710,ONGC,ON2627066,IN-261216-0000049-7,PVC ALU ARMD 4C*4 CBL 11KV SQMM
906,GAIL,057771-G,IN-261216-0000049-7,4Cx6 SQMM 11KV ALUMINIUM ARMOURED CBL PVC AS PER IS2062
905,BPCL,B-827777,IN-261216-0000049-7,CBL 4C x 6 SQMM ALU PVC ARMOURED 11KV
343,CIL,CIL857254,IN-311516-0000039-6,Bearing 22210 Roller
334,SAIL,S851-3279,IN-401015-0000049-3,2HP S.S. PMP GERA
732,CIL,CIL123190,IN-311021-0000032-1,WOUND GKT CL300 SPIRAL 150MM
733,HPCL,H38109794,IN-311021-0000032-1,SPIRAL GASKET 150MM CL300
735,IOCL,867202009,IN-311021-0000032-1,psiral gkt 150mm cl300
734,BHEL,2251/7422,IN-311021-0000032-1,SPIRAL WOUND GSKT 150MM CL300
364,BHEL,1307/2407,IN-401416-0000031-0,GATE VLV 50MM CL300 CAST IRON FLGD
362,CIL,CIL718839,IN-401416-0000031-0,gate valve 50mm cl300 cast iron flgd
365,BPCL,B-031310,IN-401416-0000031-0,50MM GATE IRON VLV FLG CAST
363,CPCL,MAT9885472,IN-401416-0000031-0,50MM C.I. CL300 GATE VLV FLANGED MAKE SKF
1244,CPCL,MAT8771239,IN-401416-0000032-8,BALL VALVE 150MM CL300 CS FLANGED
1243,IOCL,239567217,IN-401416-0000032-8,BALL VLV 150MM CL300 CS FLANGED
1245,SAIL,S341-8807,IN-401416-0000032-8,BALL VALVE 150mm CL300 CS FLANGED
707,GAIL,698384-G,IN-311021-0000033-0,PTEF GKT 150MM PN16
1035,CIL,CIL785185,IN-311516-0000040-0,ROLLER 6206 BEARING TAAPER MAKE AUDCO
1011,ONGC,ON6572897,IN-311021-0000034-8,PIRAL WOUND GKT 150mm CL150
1014,CPCL,MAT6824323,IN-311021-0000034-8,spiral gasket 150mm cl150
1012,BPCL,B-669926,IN-311021-0000034-8,SPIRAL WOUND 150 MM CL150
1013,NTPC,NT99626377,IN-311021-0000034-8,SPIRAL WOUND GSKT 150MM CL150
517,GAIL,120546-G,IN-261216-0000050-0,MAKE POLYCAB CABLE 2C x 6 SQMM ALU PVC ARM 3.3KV
518,SAIL,S517-5889,IN-261216-0000050-0,CABLE 2CX6 SQMM ALU PVC ARMD 3.3KV
1231,HPCL,H98886659,IN-401416-0000033-6,astm a106 check 100mm cl150 stainless steel flanged
1232,CIL,CIL153218,IN-401416-0000033-6,CHECK VLV 100mm CL150 SS FLANGED
1108,NTPC,NT10801533,IN-311616-0000046-4,MAKE L&T STAINLESS 316 PLAIN STL BOLT STUD
1109,SAIL,S457-5959,IN-311616-0000046-4,STUD BOLT M16 X 100MM SS 316 PLAIN
301,BPCL,B-674233,IN-401015-0000050-7,UPMP 1HP GEAR AS PER IS2062
156,ONGC,ON3937690,IN-261216-0000051-9,CABLE 1C X 4 SQMM ALUMINIUM X LPE ARMD 1.1KV
152,HPCL,H65991624,IN-401416-0000034-4,BALL VALVE 40MM CL300 SSTAINLESS STL
151,IOCL,103886291,IN-401416-0000034-4,BALL VALVE 40MM CL300 STAINLESS STEEL WAFER
154,ONGC,ON2138658,IN-401416-0000034-4,BALL VLV 40MM CL300 STAINLESS STEEL WAFER
146,GAIL,257775-G,IN-401015-0000051-5,Is 1239 Gear Pump 1Hp Steel
1214,HPCL,H68176975,IN-401015-0000051-5,GEAR PMP 1HP STAINLESS STL
142,NTPC,NT20750110,IN-401015-0000051-5,gear pump 1hp
1216,CPCL,MAT6509462,IN-401015-0000051-5,GEAR PUMP 1HP STAINLESS STL
1215,IOCL,317936470,IN-401015-0000051-5,GEAR 1HP STAINLESS STL
1212,BHEL,5488/0510,IN-401015-0000051-5,gear pmp 1hp stainless steel
158,ONGC,ON7333433,IN-311616-0000047-2,HEX NUT M12 GR 4.6 GALVANIZED
157,CIL,CIL163356,IN-311616-0000047-2,HE X NUT M12 GRADE 4.6 GALVANIZED
697,ONGC,ON3774926,IN-401015-0000052-3,25HP C.STEEL CENTRIFUGAL PUMP
696,IOCL,963308334,IN-401015-0000052-3,make kirloskar pump 25hp centrifugal carbon steel
699,BHEL,9808/5133,IN-401015-0000052-3,25HP PUMP CENTRIF C.STEEL
1261,HPCL,H35433732,IN-311516-0000041-8,ROLLER BRNG 6205 ZZ
1260,BPCL,B-022892,IN-311516-0000041-8,Roller 6205 Bearing Zz As Per Is2062
1116,CIL,CIL039963,IN-311616-0000048-0,304 GALVD M16x40MM BOLT STUD S.S.
147,IOCL,084887256,IN-401015-0000053-1,GERA PMP CARBON STEEL
982,IOCL,848868656,IN-401716-0000050-2,Erw Pipe 100Mm Sch80 Ss 304
979,GAIL,622901-G,IN-401716-0000050-2,ERW PIPE 100MM SCH80 S.S. 304
980,SAIL,S038-0351,IN-401716-0000050-2,ERW PIPE 100MM STAINLESS STEEL 304
1023,SAIL,S626-2591,IN-311021-0000035-6,SPIRAL WOUND GSKT 80MM CL150 MAKE KIRLOSKAR
1022,BPCL,B-163971,IN-311021-0000035-6,SPIRAL CL150 80MM WOUND GSKT
1020,ONGC,ON6806014,IN-311021-0000035-6,SPIRAL WOUND GKT 80MM CL150 REF DWG
1024,CPCL,MAT4354978,IN-311021-0000035-6,SPIRAL WOUND GSKT 80MM CL150
406,NTPC,NT59592248,IN-401416-0000035-2,MAKE FAG BUTTERFLY VALVE 100MM CL150 C.STEEL SCREWED
404,SAIL,S379-3126,IN-401416-0000035-2,BUTTERFLY VALVE 100MM CL150 CARBON STEEL SREWED
405,CPCL,MAT1620281,IN-401416-0000035-2,100MM BUTTERFLY SCREWED STELE CL150 CARBON VLV
1225,BHEL,3695/7562,IN-401716-0000051-0,REF DWG SEAMLESS PIPE 150MM SCH160 STAINLESS STEEL 316
1224,HPCL,H77917431,IN-401716-0000051-0,SMLS PIPE 150MM SCH160 STAINLESS STEEL 316
1222,CPCL,MAT3355262,IN-401716-0000051-0,SEAMLESS PIPE 150MM SCH160 S.S. 316 MAKE AUDCO
1220,BPCL,B-359958,IN-401716-0000051-0,S.S. 316 150MM SCH160 SEAMLESS PIPE
601,SAIL,S461-7773,IN-311616-0000049-9,HE* NUT M8 STAINLESS STEEL 316 ZINC PLATED
602,GAIL,702927-G,IN-311616-0000049-9,hex nut m8 s.s. 316 zinc plated
346,HPCL,H02146296,IN-311516-0000042-6,ROLLER BRNG 22210 ZZ
342,NTPC,NT56818209,IN-311516-0000042-6,ROLLER BER 22210 ZZ
345,GAIL,466927-G,IN-311516-0000042-6,ROLLER BER 22210 ZZ
344,BPCL,B-752421,IN-311516-0000042-6,22210 BER ZZ ROLLER
725,NTPC,NT08581810,IN-401716-0000052-9,SEAMLESS PIPE 40MM SCH80 STAINLESS STEEL 316
723,HPCL,H45900992,IN-401716-0000052-9,SMLS PIPE 40MM SCH80 STAINESS STEEL 316 MAKE FAG
724,SAIL,S532-6011,IN-401716-0000052-9,SMLS PIPE 40MM SCH80 STAINLESS STEEL 316 IS 1239
278,CPCL,MAT1498728,IN-311616-0000050-2,SPRING WASHER M8 GRADE 4.6 GALVANIZED ASTM A106
282,BPCL,B-915078,IN-311616-0000050-2,4.6 WASHER M8 SPRING GGALVANIZED GRADE REF DWG
280,BHEL,1332/5411,IN-311616-0000050-2,SPRING WASHER M8 GRADE 4.6 GALV
281,SAIL,S911-0065,IN-311616-0000050-2,SPRRING WASHER M8 GRADE 4.6 GALVD
279,HPCL,H05664187,IN-311616-0000050-2,SPRING WASHER M8 GR 4.6 GGALV
1273,GAIL,198872-G,IN-261216-0000052-7,UNARMOURED CABLE 3.3KV ALUMINIUM XLPE SQmm 3.5CX2.5
815,CIL,CIL302618,IN-311516-0000043-4,Ball Bearing Nu309
814,IOCL,171461995,IN-311516-0000043-4,NU309 BALL BEARING
813,HPCL,H04722053,IN-311516-0000043-4,NU309 BALL BEARING
224,NTPC,NT97517028,IN-401015-0000054-0,CENTRIF PUMP 15HP SS
933,NTPC,NT98770745,IN-401716-0000053-7,WELDED PIPE 40MM SCH40 CS
932,BHEL,8162/9108,IN-401716-0000053-7,WELDED PIPE 40MM SCH40 CS
421,ONGC,ON0462268,IN-311516-0000044-2,ROLLER BEARING ZZ
341,IOCL,383034199,IN-311516-0000044-2,make kirloskar roller bearing zz
593,CIL,CIL781367,IN-401716-0000054-5,Is 1239 Galvd Sch40 Pipe Iron Eamless 80Mm
594,BHEL,0452/3888,IN-401716-0000054-5,SEAMLESS PIPE 80mm SCH40 IRON REF DWG
579,BHEL,7300/8696,IN-261216-0000053-5,UNARMD CABLE xLPE AL SQMM 2Cx25 11KV MAKE KIRLOSKAR
582,HPCL,H35617817,IN-261216-0000053-5,ASTM A106 2CX25 11KV CABLE SQMM UNARMD XLPE ALUMINIUM
580,SAIL,S150-7628,IN-261216-0000053-5,make fag cbl 2cx25 sq mm aluminium xlpe unarm 11kv
583,NTPC,NT44490295,IN-261216-0000053-5,CBL 2CX25 MM2 AL XLPE UNARMOURED 11KV
581,GAIL,925081-G,IN-261216-0000053-5,CABLE 2C*25 SQ.mm ALU *LPE UNARMOURED 11KV ASTM A106
395,GAIL,298120-G,IN-401716-0000055-3,ERW PIPE 25 MM SCH160 STAINLESS STEEL 304
110,SAIL,S396-5223,IN-311021-0000036-4,CAF GKT CL150
109,HPCL,H06578759,IN-311021-0000036-4,Make Audco Caf Gskt 25Mm Cl150
69,SAIL,S527-4205,IN-401416-0000036-0,CHECK VALVE 150MM PN16 C.I. SCREWED
70,NTPC,NT54990453,IN-401416-0000036-0,CHECK VALVE 150MM PN16 CAST RION SCREWED
992,SAIL,S115-4773,IN-401416-0000037-9,BALL VLV 40 MM CL300 STAINLESS SEEL SCREWED
686,CPCL,MAT6408822,IN-401015-0000055-8,C.STEEL CEENT 10HP PUMP
387,ONGC,ON8648769,IN-401716-0000056-1,G.I. PIPE SCH40 25MM SEAMLESS
388,CPCL,MAT0149542,IN-401716-0000056-1,SMLS PIE 25 MM SCH40 GALVANIZED IRON
981,BPCL,B-479053,IN-401716-0000057-0,ERW PIPE 100MM SCH80 STAINLESS STEEL 304
296,IOCL,752308370,IN-311516-0000045-0,RLOLER BEARING 6307 MAKE FAG
1218,NTPC,NT70149726,IN-311021-0000037-2,SPIRAL WUND GASKET 100 PN16
798,BHEL,3444/3596,IN-311516-0000046-9,ABLL BEARING 22210
761,CIL,CIL573855,IN-311021-0000038-0,Rng Gasket 150 Mm Cl150
1195,ONGC,ON7045594,IN-000000-0000006-0,GLOBE VALEV 25MM PN25 S.S. FLANGED
1210,IOCL,751005687,IN-311021-0000039-9,PTFE GSKET CL300 MAKE SKF
660,IOCL,855881959,IN-311616-0000051-0,PLAIN WASHER M20 GR 8.8 GALV
659,CPCL,MAT1523802,IN-311616-0000051-0,plain washer m20 gr 8.8 galv
1254,BPCL,B-859358,IN-311021-0000040-2,PTTFE GKT 80 MM CL150
1253,SAIL,S618-4553,IN-311021-0000040-2,80MM GASKET PTFE CL150
1102,HPCL,H46998428,IN-261216-0000054-3,CBL 2C x SQMM ALU PVC ARMOURED 1.1KV
1252,HPCL,H21442673,IN-311021-0000041-0,Mm Cl150 80 Ptfe Make Audco
61,BHEL,4473/6471,IN-311516-0000047-7,6305 ROLLER BRNG TAPER
381,CPCL,MAT3898469,IN-401716-0000058-8,ERW PIPE 80MM SCH40 SS 316
553,IOCL,236533774,IN-401015-0000056-6,2HP SUBMERSIBLE CS
554,SAIL,S543-7347,IN-401015-0000056-6,c.steel submersible 2hp
684,BPCL,B-927711,IN-401015-0000057-4,10Hp Pump Cnt C.Steel
642,BHEL,1809/5217,IN-311616-0000052-9,HE x BOLT M10 x 100MM STEEL 316 BLACK
643,NTPC,NT99626422,IN-311616-0000052-9,316 BLACK HEX BOLT STL STAINLESS M10X100MM
169,HPCL,H74982182,IN-401015-0000058-2,CAST 5HP PUMP SCREW
168,SAIL,S281-2735,IN-401015-0000058-2,SCREW PUMP 5HP CI
160,CPCL,MAT4386632,IN-261216-0000055-1,CBL 3C X 25 SQMM CU PVC 11KV
161,HPCL,H75455884,IN-261216-0000055-1,CBL 3C X 25 SQ.MM COPPER PVC ARMOURED 11KV
1213,ONGC,ON3770217,IN-401015-0000059-0,GEAR PMP STAINLESS STEEEL
403,IOCL,314976461,IN-311616-0000053-7,PLAIN WASHER M12 GR. 4.6 ZINC PLATED
400,SAIL,S456-6766,IN-311616-0000053-7,WASHER PLAIN M12 ZINC 4.6 PLATED GRADE MAKE KIRLOSKAR
401,NTPC,NT10835832,IN-311616-0000053-7,plated gr 4.6 m12 plain zinc washer
1177,HPCL,H88610859,IN-401716-0000059-6,MAKE AUDCO SMLS PIPE 80MM SCH20 G.I.
1115,BHEL,7405/0133,IN-311616-0000054-5,Washer Galvd 316 Stel Spring Stainless
870,BPCL,B-409841,IN-311616-0000054-5,SPRING PLAIN 316 M24 S.S.
869,ONGC,ON0161259,IN-311616-0000054-5,SPRING WASHER M24 STAINLESS 316 PLAIN
868,GAIL,948112-G,IN-311616-0000054-5,SPRING WASHER M24 STANILESS STEEL 316 PLAIN
191,CPCL,MAT8495880,IN-261216-0000056-0,CBL 2CX1.5 COPPER PVC UNARM 1.1KV
194,BPCL,B-321495,IN-261216-0000056-0,1.1KV CU UNARMD PVC CABLE SQ.MM 2Cx1.5 IS 1239
193,GAIL,915701-G,IN-261216-0000056-0,COPPER SQMM UNARM 2C*1.5 PVC CABLE 1.1KV
192,IOCL,384215031,IN-261216-0000056-0,UNARMD SQMM 1.1KV CABLE 2Cx1.5 COPPER PVC
872,CIL,CIL860157,IN-401015-0000060-4,CENTRF 1HP SS
322,ONGC,ON6093068,IN-311616-0000055-3,BOLT 8.8 M12X65MM PLAIN SSTUD GR.
460,ONGC,ON6451017,IN-401716-0000060-0,ERW PIPE 15MM SCH160 GALVANIZED IRON
721,BPCL,B-849979,IN-261216-0000057-8,CBL SQMM COPPER PVC ARM 3.3KV
1055,HPCL,H09260001,IN-401716-0000061-8,smls pipe 15mm sch80 stainless steel 316
552,BPCL,B-429291,IN-311516-0000048-5,6003 2RS BEARING SPHERICAL ROLLER
551,ONGC,ON3783063,IN-311516-0000048-5,MAKE POLYCAB SPHERICLA ROLLER BEARING 6003 2RS
51,BPCL,B-075818,IN-261216-0000058-6,CABLE 3C x 1.5 SQMM ALUMINIUM PVC ARMOURED 1.1KV
52,CIL,CIL515220,IN-261216-0000058-6,CBL 3CX1.5 SQ MM ALUMINIUM PVC ARM 1.1KV
50,HPCL,H79473834,IN-261216-0000058-6,Cable 3Cx1.5 Al Pvc Arm 1.1Kv
255,BHEL,9251/5837,IN-401716-0000062-6,erw pipe sch160 gallvd iron
850,GAIL,073446-G,IN-401015-0000061-2,CENTTRIF PUMP 5HP C.I.
1048,NTPC,NT12641060,IN-311516-0000049-3,Ref Dwg Taper Roller Ber 22210 Zz
506,BPCL,B-370096,IN-311516-0000049-3,Taper Roller Ber 22210
100,CPCL,MAT6661889,IN-311516-0000050-7,make l&t roller bearing 2rs taper 6307
98,BPCL,B-523413,IN-311516-0000050-7,make fag taper roller bearing 6307
99,IOCL,376137918,IN-311516-0000050-7,TAPER ROLLER BEARING 6307 2RS
657,GAIL,673290-G,IN-311616-0000056-1,plain washer m20 grade 8.8
658,CIL,CIL964260,IN-311616-0000056-1,PLAIN WASHER M20 GRADE 8.8 GALVD
656,BPCL,B-451100,IN-311616-0000056-1,WASHER GRADE M20 PLAIIN GALVD
817,HPCL,H09860275,IN-311516-0000051-5,Roller Brg Nu309 Zz
930,NTPC,NT31234388,IN-311516-0000051-5,roller bearing nu309
818,CPCL,MAT8965583,IN-311516-0000051-5,Roller Earing Zz Nu309
347,NTPC,NT59096056,IN-000000-0000007-8,GST WOUND SPIRAL CL300
108,BPCL,B-625324,IN-311021-0000042-9,ASTM A106 25MM CAF GSKT
438,NTPC,NT03339977,IN-311021-0000043-7,SPIRAL WOUND MM 25 CL150 MAKE L&T
130,ONGC,ON2166746,IN-401716-0000063-4,ERW PIPE 40MM SCH160 CARBON STEEL
131,GAIL,902771-G,IN-401716-0000063-4,REF DWG ERW 40MM SCH160 CARBON STEEL
1034,SAIL,S685-6977,IN-401716-0000064-2,SCH40 25MM 316 S.S. SMLS PIPE
644,ONGC,ON0163564,IN-401416-0000038-7,REF DWG CHECK VLV 80MM CL150 STAINLESS STEEL WAFER
486,NTPC,NT80752034,IN-261216-0000059-4,CBL 4CX25 SQMM COPPER PVC UNARMD 11KV
890,SAIL,S120-9281,IN-401716-0000065-0,welded pipe 25mm sch160 carbon steel
887,CPCL,MAT1900002,IN-401716-0000065-0,Ref Dwg Weledd Pipe 25Mm Sch160 Cs
132,CIL,CIL890028,IN-401716-0000066-9,ERW PIPE 15MM SCH20 STAINLESS STEEL 316
247,GAIL,954316-G,IN-000000-0000008-6,GEAR PUMMP CAST IRON
706,ONGC,ON0677610,IN-311021-0000044-5,150 PTFE MM GASKTE PN16
336,CIL,CIL541022,IN-401015-0000062-0,GER PMP 2HP
693,ONGC,ON1722240,IN-401416-0000039-5,STEEL CARBON CL150 BUTTERFLY FLGD 100MM VALVE
929,HPCL,H06931963,IN-311616-0000057-0,10.9 20MM GRADE M10 STUD X BLACK BOLT
928,BHEL,3746/1215,IN-311616-0000057-0,STUD BOLT M10*20MM GR 10.9 BLACK
806,ONGC,ON0434741,IN-311516-0000052-3,Spherical Roller Brg 51110 2Rs
805,BPCL,B-629805,IN-311516-0000052-3,spherical roller brng 51110
807,CPCL,MAT2025999,IN-311516-0000052-3,AS PER IS2062 2RS BEARING ROLLER 51110 SPHERICAL
655,CPCL,MAT8423394,IN-401015-0000063-9,gear pump 2hp c.i.
1242,ONGC,ON4999703,IN-311516-0000053-1,ROLLER BRG 6204
527,HPCL,H29016204,IN-311616-0000058-8,HEX PLAIN M16 STEEL 304 NUT STAINLESS
529,GAIL,246320-G,IN-311616-0000058-8,MAKE SKF HEX NUT M16 STAINLESS STL 304 PLAIN
528,CPCL,MAT8628720,IN-311616-0000058-8,HEX NUT M16 S.S. 304 PLAIN
377,BHEL,5724/4617,IN-311616-0000059-6,SPRING WASHER M6 S.S. 304 GALVANIZED
1114,HPCL,H91990821,IN-311616-0000059-6,SPRING WASHER M6 STAINLESS STL GALVANIZED
771,CPCL,MAT5049602,IN-311516-0000054-0,BALL BEARIGN 6204
62,BHEL,9532/7877,IN-401015-0000064-7,STEEL STAINLESS CENTRIFUGAL PUMP MAKE AUDCO
1175,BHEL,7904/9915,IN-311516-0000055-8,roller zz 6003 ber taper make polycab
875,NTPC,NT48993005,IN-311021-0000045-3,PTFE GASKET 50MM PN16
320,GAIL,948491-G,IN-311516-0000056-6,MAKE FAG TAPER ROLLER BER 6204
321,IOCL,396727578,IN-311516-0000056-6,taper bearing 6204
240,ONGC,ON5294563,IN-401416-0000040-9,GLOBE VLV 150MM CL150 SS FLG
330,HPCL,H61768802,IN-261216-0000060-8,CABLE 3.5Cx2.5 SQ MM CU xLPE ARMD 1.1KV
159,NTPC,NT92086780,IN-401416-0000041-7,GLOBE VLV 200MM CL150 CAST IRON FLANGED
241,BHEL,6853/6649,IN-401716-0000067-7,150mm welded pipe sch20 304 ss
810,ONGC,ON1840398,IN-000000-0000009-4,PMUP C.I. CENTRIFUGAL
73,GAIL,567661-G,IN-311516-0000057-4,BALL BEARING 2RS MAKE FAG
720,SAIL,S001-0898,IN-261216-0000061-6,CBL 4CX4 MM2 COPPER PVC ARMOURED 3.3KV
722,NTPC,NT24883971,IN-261216-0000061-6,REF DWG 4CX4 SQMM COPPER 3.3KV CABLE ARM PVC
719,CIL,CIL671776,IN-261216-0000061-6,CBL 4Cx4 SQMM CU PVC ARMOURED 3.3KV REF DWG
561,ONGC,ON8283230,IN-401716-0000068-5,SCH40 PIPE 150MM SEAMLESS GALVANIZED RION
8,BHEL,2475/1079,IN-311616-0000060-0,Stainless M6 Nut 316 Galv Hex Stl
889,IOCL,437019453,IN-401716-0000069-3,WELDED PIPE 25MM SCH160
993,ONGC,ON5232855,IN-311021-0000046-1,RING JOINT 150MM CL300 GASKET
883,CPCL,MAT8437699,IN-401015-0000065-5,SUBMERSSIBLE PMP C.I.
963,NTPC,NT40420767,IN-261216-0000062-4,3.3KV CABLE UNARMOURED XLPE ALUMINIUM 3CX35 SQMM
885,IOCL,158286304,IN-401015-0000066-3,10HP C.I. SUBMERSIBLE
884,CIL,CIL536915,IN-401015-0000066-3,make polycab 10hp submersible c.i. pmp
882,HPCL,H89860610,IN-401015-0000066-3,SUBMERSIBLE 10HP CAST IRON
950,SAIL,S651-1861,IN-261216-0000063-2,MAKE KIRLOSKAR AL CBL 11KV 3Cx16 SMM xLPE
1145,BHEL,4473/3878,IN-401716-0000070-7,MAKE KIRLOSKAR ERW PIPE 50 MM SCH20 STAINLESS STEEL 316
934,CIL,CIL295867,IN-401716-0000071-5,wleded steel 40mm pipe carbon
931,BHEL,4431/8343,IN-261216-0000064-0,cbl 1cx10 sq.mm aluminium xlpe unarmd 11kv
709,NTPC,NT59946418,IN-261216-0000065-9,CABLE 4C X 4 MM2 ALUMINIUM PVC ARMOUURED 11KV MAKE SKF
843,BHEL,3961/2190,IN-311516-0000058-2,BALL BEARIING 30205 MAKE SKF
566,BHEL,8363/8164,IN-401716-0000072-3,STAINLESS SCH160 150MM 316 ELDED STEEL
153,NTPC,NT44869594,IN-000000-0000010-8,40MM WAFER CL300 SS BALL
703,CIL,CIL524383,IN-311021-0000047-0,Mm Ptfe Pn16 Gskt 150
760,CPCL,MAT5167586,IN-311021-0000048-8,RIG JOINT GSKT 150MM CL150
654,BHEL,9928/5535,IN-401716-0000073-1,MAKE POLYCAB ERW PIPE 100MM SCH40 S.S. 316
702,BPCL,B-117972,IN-401716-0000074-0,welded pie 25mm sch40 stainless steel 316
1211,SAIL,S305-4849,IN-311021-0000049-6,PTFE GSSKT 100MM
229,ONGC,ON4518952,IN-261216-0000066-7,AL 11KV SQ.MM 3.5Cx10 CABLE UNARMD xLPE
503,CIL,CIL576927,IN-261216-0000066-7,11Kv Aluminium Cbl Sqmm Xlpe 3.5Cx1.5 Unarmoured
290,ONGC,ON6907826,IN-311516-0000059-0,taper roller beearing 30210 make polycab
17,BHEL,0656/2729,IN-311021-0000050-0,PTFE GSKT 100MM PN16
762,HPCL,H65467720,IN-311021-0000051-8,Ref Dwg Spiral Wound Gasket 100Mm Cl300
1206,GAIL,432298-G,IN-311516-0000060-4,Spherical Roller Brg 30205 2Rs
855,BPCL,B-922776,IN-401015-0000067-1,SUBMERISBLE PUMP C.I.
799,SAIL,S123-7530,IN-311516-0000061-2,BEARING BALLL 22210
544,BPCL,B-103142,IN-311516-0000062-0,51110 ZZ TAPER BEARING ROLLER
559,GAIL,739201-G,IN-401716-0000075-8,Mm Seamless 15 Sch40 Pipe
592,GAIL,491891-G,IN-401716-0000076-6,SEAMLESS PIPE 80MM SCH40 GI IS 1239
283,HPCL,H95450892,IN-311616-0000061-8,PLAIN WASHER GALVANIZED GR. 4.6 M8
329,CPCL,MAT9895343,IN-311616-0000062-6,STUD BOLT M10X40 STAINLESS STL 304 ZINC PLTED MAKE SKF
