id_a,id_b,total,semantic,lexical,attr_agree,desc_a,desc_b
368,1047,0.6998,0.6887,0.851,2,TAPER ROLLER BEARING 6206 ZZ,TAPER ROLLER BEARING ZZ
370,1047,0.6998,0.6887,0.851,2,TAPER ROLLER BEARING 6206 ZZ,TAPER ROLLER BEARING ZZ
369,1047,0.6998,0.6887,0.851,2,TAPER ROLLER BEARING 6206 ZZ,TAPER ROLLER BEARING ZZ
367,1047,0.6998,0.6887,0.851,2,TAPER ROLLER BEARING 6206 ZZ,TAPER ROLLER BEARING ZZ
54,394,0.6987,0.5932,0.6691,3,CABLE 3C X 2.5 SQMM COPPER PVC UNARM,CABLE SQMM COPPER PVC UNARM 3.3KV
620,315,0.6984,0.7865,0.6787,2,BEARING 6003 SPHERICAL ROLLER ZZ,SPHERICAL ROLLER BEARING 6003
620,312,0.6984,0.7865,0.6787,2,BEARING 6003 SPHERICAL ROLLER ZZ,SPHERICAL ROLLER BEARING 6003
620,314,0.6984,0.7865,0.6787,2,BEARING 6003 SPHERICAL ROLLER ZZ,SPHERICAL ROLLER BEARING 6003
968,969,0.6979,0.5796,0.6868,3,CABLE SQMM ALUMINIUM XLPE ARMOURED 11KV,CABLE 4C X 2.5 SQMM ALUMINIUM *LPE ARMOURED 11KV
816,814,0.6978,0.6747,0.8611,2,NU309 BEARING BALL,NU309 BALL BEARING
816,813,0.6978,0.6747,0.8611,2,NU309 BEARING BALL,NU309 BALL BEARING
22,24,0.697,0.7774,0.6846,2,SUBMERSIBLE PUMP 5HP,SUBMERSIBLE PUMP 5HP CARBON STEL
324,336,0.6966,0.8062,0.6333,2,GEAR PUMP 2HP CARBON STEEL,GEAR PUMP 2HP
323,336,0.6966,0.8062,0.6333,2,GEAR PUMP 2HP CARBON STEEL,GEAR PUMP 2HP
327,336,0.6966,0.8062,0.6333,2,GEAR PUMP 2HP CARBON STEEL,GEAR PUMP 2HP
336,325,0.6966,0.8062,0.6333,2,GEAR PUMP 2HP,GEAR PUMP 2HP CARBON STEEL
336,326,0.6966,0.8062,0.6333,2,GEAR PUMP 2HP,GEAR PUMP 2HP CARBON STEEL
45,43,0.6963,0.6241,0.6018,3,BUTTERFLY VALVE 25MM PN16 FLANGE,BUTTERFLY VALVE 25MM CAST IRON FLANGED
883,886,0.6961,0.7099,0.7906,2,SUBMERSSIBLE PUMP CAST IRON,SUBMERSIBLE PUMP CAST IRON
142,143,0.6959,0.8036,0.6333,2,GEAR PUMP 1HP,GEAR PUMP 1HP CARBON STEEL
142,145,0.6959,0.8036,0.6333,2,GEAR PUMP 1HP,GEAR PUMP 1HP CARBON STEEL
846,843,0.6952,0.7388,0.7365,2,BALL BEARING 30205,BALL BEARIING 30205
844,843,0.6952,0.7388,0.7365,2,BALL BEARING 30205,BALL BEARIING 30205
1039,1047,0.6947,0.6736,0.8423,2,TAPER ROLLER BEARING 30205 ZZ,TAPER ROLLER BEARING ZZ
1038,1047,0.6947,0.6736,0.8423,2,TAPER ROLLER BEARING 30205 ZZ,TAPER ROLLER BEARING ZZ
1037,1047,0.6947,0.6736,0.8423,2,TAPER ROLLER BEARING 30205 ZZ,TAPER ROLLER BEARING ZZ
336,655,0.6942,0.78,0.6611,2,GEAR PUMP 2HP,GEAR PUMP 2HP CAST IRON
138,136,0.6936,0.7469,0.7127,2,CENTRIFUGAL PUMP STAINLESS STEEL,CENTRIFUGAL PUMP 10HP STAINLESS
355,136,0.6936,0.7469,0.7127,2,CENTRIFUGAL PUMP STAINLESS STEEL,CENTRIFUGAL PUMP 10HP STAINLESS
899,795,0.6936,0.7183,0.76,2,STEEL SCREW PUMP CARBON 1HP,SCREW PUMP CARBON STEEL
136,871,0.6936,0.7469,0.7127,2,CENTRIFUGAL PUMP 10HP STAINLESS,CENTRIFUGAL PUMP STAINLESS STEEL
302,142,0.6933,0.7765,0.6611,2,GEAR PUMP 1HP CAST IRON,GEAR PUMP 1HP
299,142,0.6933,0.7765,0.6611,2,GEAR PUMP 1HP CAST IRON,GEAR PUMP 1HP
142,304,0.6933,0.7765,0.6611,2,GEAR PUMP 1HP,GEAR PUMP 1HP CAST IRON
968,970,0.693,0.5567,0.6924,3,CABLE SQMM ALUMINIUM XLPE ARMOURED 11KV,CABLE 4C X 2.5 SQMM ALUMINIUM ARMOURED 11KV
1048,1047,0.6929,0.6662,0.8423,2,TAPER ROLLER BEARING 22210 ZZ,TAPER ROLLER BEARING ZZ
501,119,0.6924,0.6897,0.8,2,PTFE GASKET 150MM CL150,PTFE GASKET CL150
500,119,0.6924,0.6897,0.8,2,PTFE GASKET 150MM CL150,PTFE GASKET CL150
499,119,0.6924,0.6897,0.8,2,PTFE GASKET 150MM CL150,PTFE GASKET CL150
135,119,0.6919,0.6875,0.8,2,PTFE GASKET 100MM CL150,PTFE GASKET CL150
133,119,0.6919,0.6875,0.8,2,PTFE GASKET 100MM CL150,PTFE GASKET CL150
134,119,0.6919,0.6875,0.8,2,PTFE GASKET 100MM CL150,PTFE GASKET CL150
287,119,0.6916,0.6797,0.8109,2,PTFE GASKET 25MM CL150,PTFE GASKET CL150
119,288,0.6916,0.6797,0.8109,2,PTFE GASKET CL150,PTFE GASKET 25MM CL150
138,62,0.6913,0.7153,0.75,2,CENTRIFUGAL PUMP STAINLESS STEEL,STEEL STAINLESS CENTRIFUGAL PUMP
355,62,0.6913,0.7153,0.75,2,CENTRIFUGAL PUMP STAINLESS STEEL,STEEL STAINLESS CENTRIFUGAL PUMP
871,62,0.6913,0.7153,0.75,2,CENTRIFUGAL PUMP STAINLESS STEEL,STEEL STAINLESS CENTRIFUGAL PUMP
108,109,0.6903,0.7695,0.6528,2,25MM CAF GASKET,CAF GASKET 25MM CL150
1214,142,0.6899,0.7939,0.6095,2,GEAR PUMP 1HP STAINLESS STEEL,GEAR PUMP 1HP
142,1216,0.6899,0.7939,0.6095,2,GEAR PUMP 1HP,GEAR PUMP 1HP STAINLESS STEEL
142,1212,0.6899,0.7939,0.6095,2,GEAR PUMP 1HP,GEAR PUMP 1HP STAINLESS STEEL
231,286,0.6889,0.6577,0.8295,2,BEARING 30210 2RS ROLLER,BEARING 30210 ROLLER
117,119,0.6872,0.6621,0.8109,2,PTFE GASKET 50MM CL150,PTFE GASKET CL150
775,110,0.6868,0.6554,0.8194,2,CAF GASKET 100 CL150,CAF GASKET CL150
177,1073,0.6862,0.709,0.7265,2,80MM GASKET RING JOINT,JOINT PN16 80MM GASKET RING
878,506,0.686,0.7313,0.6878,2,TAPER BEARING 22210 2RS,TAPER ROLLER BEARING 22210
412,409,0.6855,0.7322,0.6833,2,SUBMERSIBLE PUMP 25HP STEEL,SUBMERSIBLE PUMP 25HP CARBON STEL
58,61,0.6854,0.6496,0.82,2,TAPER ROLLER BEARING 6305,6305 ROLLER BEARING TAPER
2,394,0.6852,0.5459,0.6579,3,CABLE 2C X 50 SQMM COPPER X LPE UNARM 3.3KV,CABLE SQMM COPPER PVC UNARM 3.3KV
418,286,0.6846,0.7182,0.7006,2,ROLLER BEARING 30210 ZZ,BEARING 30210 ROLLER
420,286,0.6846,0.7182,0.7006,2,ROLLER BEARING 30210 ZZ,BEARING 30210 ROLLER
203,60,0.6845,0.7102,0.713,2,TAPER ROLLER BEARING 6305 ZZ,TAPER ROLLLER BEARING 6305
204,60,0.6845,0.7102,0.713,2,TAPER ROLLER BEARING 6305 ZZ,TAPER ROLLLER BEARING 6305
205,60,0.6845,0.7102,0.713,2,TAPER ROLLER BEARING 6305 ZZ,TAPER ROLLLER BEARING 6305
60,206,0.6845,0.7102,0.713,2,TAPER ROLLLER BEARING 6305,TAPER ROLLER BEARING 6305 ZZ
907,708,0.6845,0.6537,0.8074,2,PTFE GASKET 25MM PN16,PTFE GASKET PN16
285,231,0.6843,0.7348,0.6705,2,ROLLER BEARING 30210,BEARING 30210 2RS ROLLER
284,231,0.6843,0.7348,0.6705,2,ROLLER BEARING 30210,BEARING 30210 2RS ROLLER
231,233,0.6843,0.7348,0.6705,2,BEARING 30210 2RS ROLLER,ROLLER BEARING 30210
231,419,0.6843,0.7348,0.6705,2,BEARING 30210 2RS ROLLER,ROLLER BEARING 30210
708,17,0.6843,0.6596,0.7961,2,PTFE GASKET PN16,PTFE GASKET 100MM PN16
230,286,0.6839,0.7061,0.7159,2,ROLLER BEARING 30210 2RS,BEARING 30210 ROLLER
704,708,0.6836,0.657,0.7961,2,PTFE GASKET 150MM PN16,PTFE GASKET PN16
708,705,0.6836,0.657,0.7961,2,PTFE GASKET PN16,PTFE GASKET 150MM PN16
343,346,0.6827,0.7106,0.7006,2,BEARING 22210 ROLLER,ROLLER BEARING 22210 ZZ
343,342,0.6827,0.7106,0.7006,2,BEARING 22210 ROLLER,ROLLER BEARING 22210 ZZ
343,345,0.6827,0.7106,0.7006,2,BEARING 22210 ROLLER,ROLLER BEARING 22210 ZZ
585,343,0.682,0.6983,0.7159,2,ROLLER BEARING 22210 2RS,BEARING 22210 ROLLER
584,343,0.682,0.6983,0.7159,2,ROLLER BEARING 22210 2RS,BEARING 22210 ROLLER
1030,1174,0.6817,0.7457,0.6353,2,SUBMERSIBLE PUMP 1HP STAINLESS STEEL,STAINLESS STEEL SUBMERSIBLE PUMP
698,699,0.6814,0.7237,0.6698,2,CARBON STEEL PUMP CENTRIFUGAL,25HP PUMP CENTRIFUGAL CARBON STEEL
520,352,0.6812,0.6687,0.7598,2,CENTRIFUGAL PUMP 5HP CARBON STEEL,CENTRIFUGAL PUMP 5HP SAINLESS STEEL
1174,954,0.6802,0.7397,0.6353,2,STAINLESS STEEL SUBMERSIBLE PUMP,SUBMERSIBLE PUMP 2HP STAINLESS STEEL
1174,955,0.6802,0.7397,0.6353,2,STAINLESS STEEL SUBMERSIBLE PUMP,SUBMERSIBLE PUMP 2HP STAINLESS STEEL
1174,956,0.6802,0.7397,0.6353,2,STAINLESS STEEL SUBMERSIBLE PUMP,SUBMERSIBLE PUMP 2HP STAINLESS STEEL
1174,957,0.6802,0.7397,0.6353,2,STAINLESS STEEL SUBMERSIBLE PUMP,SUBMERSIBLE PUMP 2HP STAINLESS STEEL
708,875,0.6802,0.6365,0.8074,2,PTFE GASKET PN16,PTFE GASKET 50MM PN16
882,886,0.6798,0.6736,0.7423,2,SUBMERSIBLE 10HP CAST IRON,SUBMERSIBLE PUMP CAST IRON
31,60,0.6796,0.6956,0.7045,2,TAPER ROLLER BEARING 6305 2RS,TAPER ROLLLER BEARING 6305
32,60,0.6796,0.6956,0.7045,2,TAPER ROLLER BEARING 6305 2RS,TAPER ROLLLER BEARING 6305
30,60,0.6796,0.6956,0.7045,2,TAPER ROLLER BEARING 6305 2RS,TAPER ROLLLER BEARING 6305
60,29,0.6796,0.6956,0.7045,2,TAPER ROLLLER BEARING 6305,TAPER ROLLER BEARING 6305 2RS
1174,149,0.6794,0.7385,0.6319,2,STAINLESS STEEL SUBMERSIBLE PUMP,SUBMERSIBLE PUMP 10HP STAINLESS STEEL
366,1036,0.6793,0.6894,0.713,2,TAPER ROLLEER BEARING 6206 ZZ,TAPER ROLLER BEARING 6206
537,536,0.6791,0.6748,0.7357,2,BAALL BEARING 6205,BALL BEARING 6205
630,1157,0.6784,0.6174,0.8274,2,ROLLER 6305 BEARING,ROLLER 2RS 6305 BEARING
1233,1234,0.6774,0.4925,0.6954,3,IRON GATE CAST FLANGED CL150 VALVE,100MM CAST IRON GATE FLANGED VALVE
118,119,0.6773,0.6842,0.7083,2,50MM GASKET CL150 PTFE,PTFE GASKET CL150
353,519,0.6771,0.6598,0.7476,2,CENTRIFUGAL PUMP 5HP STAINLESS STEEL,CENTRIFUGAL PUMP 5HP CAARBON STEEL
519,354,0.6771,0.6598,0.7476,2,CENTRIFUGAL PUMP 5HP CAARBON STEEL,CENTRIFUGAL PUMP 5HP STAINLESS STEEL
519,351,0.6771,0.6598,0.7476,2,CENTRIFUGAL PUMP 5HP CAARBON STEEL,CENTRIFUGAL PUMP 5HP STAINLESS STEEL
232,940,0.6768,0.6659,0.7357,2,ROLLER BEARING 2RS,ROLER BEARING 2RS
619,618,0.6763,0.6744,0.7177,2,SPHHERICAL ROLLER BEARING 6003,SPHERICAL ROLLER BEARING 6003 ZZ
619,617,0.6763,0.6744,0.7177,2,SPHHERICAL ROLLER BEARING 6003,SPHERICAL ROLLER BEARING 6003 ZZ
497,761,0.6763,0.6501,0.7589,2,PTFE GASKET 150 MM CL150,RNG GASKET 150 MM CL150
313,315,0.676,0.6076,0.8276,2,SPHERICAL 6003 BEARING ROLLER,SPHERICAL ROLLER BEARING 6003
313,312,0.676,0.6076,0.8276,2,SPHERICAL 6003 BEARING ROLLER,SPHERICAL ROLLER BEARING 6003
313,314,0.676,0.6076,0.8276,2,SPHERICAL 6003 BEARING ROLLER,SPHERICAL ROLLER BEARING 6003
138,872,0.6756,0.6462,0.7603,2,CENTRIFUGAL PUMP STAINLESS STEEL,CENTRIFUGAL 1HP STAINLESS STEEL
355,872,0.6756,0.6462,0.7603,2,CENTRIFUGAL PUMP STAINLESS STEEL,CENTRIFUGAL 1HP STAINLESS STEEL
871,872,0.6756,0.6462,0.7603,2,CENTRIFUGAL PUMP STAINLESS STEEL,CENTRIFUGAL 1HP STAINLESS STEEL
1117,552,0.6756,0.6559,0.7443,2,2RS ROLLER BEARING SPHERICAL,6003 2RS BEARING SPHERICAL ROLLER
879,506,0.6755,0.6791,0.7045,2,TAPER ROLLER BARING 22210 2RS,TAPER ROLLER BEARING 22210
225,226,0.6755,0.692,0.683,2,TAPER BEARING 6003 2RS,TAPER ROLLER BEARING 6003
1174,1173,0.6752,0.7215,0.6319,2,STAINLESS STEEL SUBMERSIBLE PUMP,SUBMERSIBLE PUMP 25HP STAINLESS STEEL
1174,1171,0.6752,0.7215,0.6319,2,STAINLESS STEEL SUBMERSIBLE PUMP,SUBMERSIBLE PUMP 25HP STAINLESS STEEL
845,846,0.6751,0.5839,0.8611,2,BEARING BALL 30205,BALL BEARING 30205
845,844,0.6751,0.5839,0.8611,2,BEARING BALL 30205,BALL BEARING 30205
44,43,0.6741,0.5049,0.6528,3,BUTTRFLY VALVE 25MM PN16 CAST IRON,BUTTERFLY VALVE 25MM CAST IRON FLANGED
421,1260,0.6738,0.6087,0.8109,2,ROLLER BEARING ZZ,ROLLER 6205 BEARING ZZ
1260,341,0.6738,0.6087,0.8109,2,ROLLER 6205 BEARING ZZ,ROLLER BEARING ZZ
585,232,0.6732,0.6108,0.8036,2,ROLLER BEARING 22210 2RS,ROLLER BEARING 2RS
584,232,0.6732,0.6108,0.8036,2,ROLLER BEARING 22210 2RS,ROLLER BEARING 2RS
698,697,0.6728,0.6225,0.781,2,CARBON STEEL PUMP CENTRIFUGAL,25HP CARBON STEEL CENTRIFUGAL PUMP
261,538,0.6714,0.6496,0.7264,2,BALL BEARING 6205 ZZ,BEARING 6205 BALL
262,538,0.6714,0.6496,0.7264,2,BALL BEARING 6205 ZZ,BEARING 6205 BALL
263,538,0.6714,0.6496,0.7264,2,BALL BEARING 6205 ZZ,BEARING 6205 BALL
260,538,0.6714,0.6496,0.7264,2,BALL BEARING 6205 ZZ,BEARING 6205 BALL
264,538,0.6714,0.6496,0.7264,2,BALL BEARING 6205 ZZ,BEARING 6205 BALL
795,901,0.6711,0.6405,0.74,2,SCREW PUMP CARBON STEEL,PUMP CARBON STEEL 1HP SCREW
227,226,0.6706,0.6605,0.7028,2,TAPER ROLLR BEARING 6003 2RS,TAPER ROLLER BEARING 6003
845,873,0.67,0.6702,0.6827,2,BEARING BALL 30205,30205 ZZ BEARING BALL
754,297,0.6683,0.6767,0.6607,2,BEARING 6307 2RS ROLLER,ROLLER BEARING 6307
315,552,0.6683,0.6785,0.6581,2,SPHERICAL ROLLER BEARING 6003,6003 2RS BEARING SPHERICAL ROLLER
312,552,0.6683,0.6785,0.6581,2,SPHERICAL ROLLER BEARING 6003,6003 2RS BEARING SPHERICAL ROLLER
552,314,0.6683,0.6785,0.6581,2,6003 2RS BEARING SPHERICAL ROLLER,SPHERICAL ROLLER BEARING 6003
731,439,0.6682,0.6215,0.7519,2,SPIRAL WOUND GASKET 25MM,WOUND SPIRAL CL150 GASKET 25MM
1036,542,0.6681,0.6506,0.7028,2,TAPER ROLLER BEARING 6206,TAPER ROLLR BEARING 6206 2RS
453,250,0.6678,0.6895,0.6364,2,GEAR PUMP 10HP STEEL,GEAR PUMP 10HP CAST IRON
453,248,0.6678,0.6895,0.6364,2,GEAR PUMP 10HP STEEL,GEAR PUMP 10HP CAST IRON
453,251,0.6678,0.6895,0.6364,2,GEAR PUMP 10HP STEEL,GEAR PUMP 10HP CAST IRON
59,58,0.6678,0.6161,0.7583,2,TAPER ROLLER BRRNG 6305,TAPER ROLLER BEARING 6305
884,886,0.6674,0.6085,0.7684,2,10HP SUBMERSIBLE CAST IRON PUMP,SUBMERSIBLE PUMP CAST IRON
497,119,0.6672,0.6398,0.7146,2,PTFE GASKET 150 MM CL150,PTFE GASKET CL150
1261,421,0.6668,0.5807,0.8109,2,ROLLER BEARING 6205 ZZ,ROLLER BEARING ZZ
1261,341,0.6668,0.5807,0.8109,2,ROLLER BEARING 6205 ZZ,ROLLER BEARING ZZ
100,98,0.6663,0.6142,0.7519,2,ROLLER BEARING 2RS TAPER 6307,TAPER ROLLER BEARING 6307
191,651,0.6662,0.5066,0.5971,3,CABLE 2C X 1.5 COPPER PVC UNARM 1.1KV,CABLE 2C X 10 SQMM X LPE UNARM 1.1KV
45,44,0.6657,0.5049,0.5966,3,BUTTERFLY VALVE 25MM PN16 FLANGE,BUTTRFLY VALVE 25MM PN16 CAST IRON
232,1158,0.6653,0.5729,0.814,2,ROLLER BEARING 2RS,ROLLER BEARING 6305 2RS
232,1160,0.6653,0.5729,0.814,2,ROLLER BEARING 2RS,ROLLER BEARING 6305 2RS
232,1156,0.6653,0.5729,0.814,2,ROLLER BEARING 2RS,ROLLER BEARING 6305 2RS
232,1159,0.6653,0.5729,0.814,2,ROLLER BEARING 2RS,ROLLER BEARING 6305 2RS
671,144,0.6642,0.6044,0.7542,2,GEAR PUMP CARBON STEEL,PUMP CARBON STEEL GEAR 1HP
624,144,0.6642,0.6044,0.7542,2,GEAR PUMP CARBON STEEL,PUMP CARBON STEEL GEAR 1HP
886,855,0.6642,0.5883,0.7808,2,SUBMERSIBLE PUMP CAST IRON,SUBMERISBLE PUMP CAST IRON
302,146,0.6636,0.6757,0.631,2,GEAR PUMP 1HP CAST IRON,GEAR PUMP 1HP STEEL
299,146,0.6636,0.6757,0.631,2,GEAR PUMP 1HP CAST IRON,GEAR PUMP 1HP STEEL
146,304,0.6636,0.6757,0.631,2,GEAR PUMP 1HP STEEL,GEAR PUMP 1HP CAST IRON
888,889,0.6633,0.6956,0.5962,2,WELDED PIPE 25MM CARBON STEEL,WELDED PIPE 25MM SCH160
704,707,0.6633,0.5867,0.7773,2,PTFE GASKET 150MM PN16,PTEF GASKET 150MM PN16
707,705,0.6633,0.5867,0.7773,2,PTEF GASKET 150MM PN16,PTFE GASKET 150MM PN16
698,522,0.6632,0.658,0.6581,2,CARBON STEEL PUMP CENTRIFUGAL,PUMP 5HP CENTRIFUGAL CARBON STEEL
296,297,0.6632,0.6186,0.7237,2,RLOLER BEARING 6307,ROLLER BEARING 6307
1036,371,0.6625,0.5836,0.7774,2,TAPER ROLLER BEARING 6206,TAPER ZZ 6206 ROLLER BEARING
469,465,0.6606,0.456,0.6441,3,CABLE 4C X 10 SQMM COPPEER PVC ARMOURED 1.1KV,SQMM CABLE COPPER 1.1KV ARMOURED 4C X 10
972,970,0.6601,0.4736,0.6111,3,SQMM CABLE XLPE 11KV ARMOURED 4C X 2.5,CABLE 4C X 2.5 SQMM ALUMINIUM ARMOURED 11KV
860,92,0.6601,0.6071,0.7222,2,GAR PUMP 15HP CAST IRON,SUBMERSIBLE PUMP 15HP CAST IRON
860,93,0.6601,0.6071,0.7222,2,GAR PUMP 15HP CAST IRON,SUBMERSIBLE PUMP 15HP CAST IRON
854,883,0.6601,0.6167,0.7061,2,2HP SUBMERSIBLE PUMP CAST IRON,SUBMERSSIBLE PUMP CAST IRON
33,58,0.6601,0.6188,0.7028,2,TAER ROLLER BEARING 6305 2RS,TAPER ROLLER BEARING 6305
522,519,0.6599,0.6246,0.6915,2,PUMP 5HP CENTRIFUGAL CARBON STEEL,CENTRIFUGAL PUMP 5HP CAARBON STEEL
851,850,0.6599,0.5659,0.7895,2,CENTRIFUGAL PUMP 5HP CAST IRON,CENTTRIF PUMP 5HP CAST IRON
847,850,0.6599,0.5659,0.7895,2,CENTRIFUGAL PUMP 5HP CAST IRON,CENTTRIF PUMP 5HP CAST IRON
850,852,0.6599,0.5659,0.7895,2,CENTTRIF PUMP 5HP CAST IRON,CENTRIFUGAL PUMP 5HP CAST IRON
850,849,0.6599,0.5659,0.7895,2,CENTTRIF PUMP 5HP CAST IRON,CENTRIFUGAL PUMP 5HP CAST IRON
850,848,0.6599,0.5659,0.7895,2,CENTTRIF PUMP 5HP CAST IRON,CENTRIFUGAL PUMP 5HP CAST IRON
1064,1081,0.6596,0.5717,0.7778,2,SEAMLESS PIPE 50MM CARBON STEEL,SEAMLESS PIPE SCH80 CARBON STEEL
519,852,0.6594,0.6652,0.6205,2,CENTRIFUGAL PUMP 5HP CAARBON STEEL,CENTRIFUGAL PUMP 5HP CAST IRON
519,849,0.6594,0.6652,0.6205,2,CENTRIFUGAL PUMP 5HP CAARBON STEEL,CENTRIFUGAL PUMP 5HP CAST IRON
519,848,0.6594,0.6652,0.6205,2,CENTRIFUGAL PUMP 5HP CAARBON STEEL,CENTRIFUGAL PUMP 5HP CAST IRON
731,728,0.6594,0.6224,0.6923,2,SPIRAL WOUND GASKET 25MM,SPIRAL OUND GASKET 25MM PN16
595,600,0.6592,0.6394,0.6621,2,RING JOINT GASKET 100 MM CL150,RNIG JOINT GASKET 100MM CL150
74,73,0.6589,0.558,0.7961,2,BALL BEARING 30205 2RS,BALL BEARING 2RS
72,73,0.6589,0.558,0.7961,2,BALL BEARING 30205 2RS,BALL BEARING 2RS
73,71,0.6589,0.558,0.7961,2,BALL BEARING 2RS,BALL BEARING 30205 2RS
775,109,0.6587,0.6061,0.7146,2,CAF GASKET 100 CL150,CAF GASKET 25MM CL150
698,696,0.6585,0.6416,0.654,2,CARBON STEEL PUMP CENTRIFUGAL,PUMP 25HP CENTRIFUGAL CARBON STEEL
754,942,0.6584,0.6623,0.6189,2,BEARING 6307 2RS ROLLER,2RS ROLLER BEARING
232,478,0.6579,0.5431,0.814,2,ROLLER BEARING 2RS,ROLLER BEARING 6003 2RS
816,815,0.6579,0.5818,0.75,2,NU309 BEARING BALL,BALL BEARING NU309
532,1001,0.6574,0.4866,0.5714,3,CL300 SCREWED CARBON STEEL BUTTERFLY VALVE,VALVE CARBON STEEL BUUTTERFLY 80MM SCREWED
231,942,0.6574,0.6616,0.6131,2,BEARING 30210 2RS ROLLER,2RS ROLLER BEARING
851,519,0.657,0.6652,0.6049,2,CENTRIFUGAL PUMP 5HP CAST IRON,CENTRIFUGAL PUMP 5HP CAARBON STEEL
847,519,0.657,0.6652,0.6049,2,CENTRIFUGAL PUMP 5HP CAST IRON,CENTRIFUGAL PUMP 5HP CAARBON STEEL
408,412,0.6569,0.6164,0.6855,2,SUBBMERSIBLE PUMP 25HP CARBON STEEL,SUBMERSIBLE PUMP 25HP STEEL
769,73,0.6569,0.5431,0.8074,2,BALL BEARING 6204 2RS,BALL BEARING 2RS
770,73,0.6569,0.5431,0.8074,2,BALL BEARING 6204 2RS,BALL BEARING 2RS
698,0,0.6568,0.6709,0.5935,2,CARBON STEEL PUMP CENTRIFUGAL,CENTRIFUGAL PUMP 1HP CARBON STEEL
698,1,0.6568,0.6709,0.5935,2,CARBON STEEL PUMP CENTRIFUGAL,CENTRIFUGAL PUMP 1HP CARBON STEEL
698,520,0.6564,0.6693,0.5935,2,CARBON STEEL PUMP CENTRIFUGAL,CENTRIFUGAL PUMP 5HP CARBON STEEL
730,731,0.6564,0.5818,0.7396,2,GASKET SPIRAL WOUND PN16 25MM,SPIRAL WOUND GASKET 25MM
74,843,0.6562,0.6412,0.639,2,BALL BEARING 30205 2RS,BALL BEARIING 30205
72,843,0.6562,0.6412,0.639,2,BALL BEARING 30205 2RS,BALL BEARIING 30205
843,71,0.6562,0.6412,0.639,2,BALL BEARIING 30205,BALL BEARING 30205 2RS
353,62,0.656,0.6427,0.6353,2,CENTRIFUGAL PUMP 5HP STAINLESS STEEL,STEEL STAINLESS CENTRIFUGAL PUMP
959,854,0.656,0.6705,0.5893,2,SUBMERSIBLE PUMP 2HP STEEL,2HP SUBMERSIBLE PUMP CAST IRON
354,62,0.656,0.6427,0.6353,2,CENTRIFUGAL PUMP 5HP STAINLESS STEEL,STEEL STAINLESS CENTRIFUGAL PUMP
62,351,0.656,0.6427,0.6353,2,STEEL STAINLESS CENTRIFUGAL PUMP,CENTRIFUGAL PUMP 5HP STAINLESS STEEL
346,421,0.656,0.544,0.8,2,ROLLER BEARING 22210 ZZ,ROLLER BEARING ZZ
346,341,0.656,0.544,0.8,2,ROLLER BEARING 22210 ZZ,ROLLER BEARING ZZ
421,342,0.656,0.544,0.8,2,ROLLER BEARING ZZ,ROLLER BEARING 22210 ZZ
421,345,0.656,0.544,0.8,2,ROLLER BEARING ZZ,ROLLER BEARING 22210 ZZ
342,341,0.656,0.544,0.8,2,ROLLER BEARING 22210 ZZ,ROLLER BEARING ZZ
345,341,0.656,0.544,0.8,2,ROLLER BEARING 22210 ZZ,ROLLER BEARING ZZ
63,62,0.6551,0.6393,0.6353,2,CENTRIFUGAL PUMP 2HP STAINLESS STEEL,STEEL STAINLESS CENTRIFUGAL PUMP
64,62,0.6551,0.6393,0.6353,2,CENTRIFUGAL PUMP 2HP STAINLESS STEEL,STEEL STAINLESS CENTRIFUGAL PUMP
334,333,0.6551,0.6239,0.6609,2,2HP STAINLESS STEEL PUMP GERA,2HP STEEL PUMP GEAR STAINLESS
938,232,0.6551,0.5381,0.8036,2,ROLLER BEARING 30205 2RS,ROLLER BEARING 2RS
232,941,0.6551,0.5381,0.8036,2,ROLLER BEARING 2RS,ROLLER BEARING 30205 2RS
232,939,0.6551,0.5381,0.8036,2,ROLLER BEARING 2RS,ROLLER BEARING 30205 2RS
232,755,0.655,0.5316,0.814,2,ROLLER BEARING 2RS,ROLLER BEARING 6307 2RS
1213,494,0.6546,0.561,0.7621,2,GEAR PUMP STAINLESS STEEEL,GEAR STAINLESS STEEEL 7.5HP PUMP
682,698,0.6545,0.6636,0.5905,2,CENTRIFUGAL PUMP 10HP CARBON STEEL,CARBON STEEL PUMP CENTRIFUGAL
698,683,0.6545,0.6636,0.5905,2,CARBON STEEL PUMP CENTRIFUGAL,CENTRIFUGAL PUMP 10HP CARBON STEEL
698,700,0.6545,0.662,0.5935,2,CARBON STEEL PUMP CENTRIFUGAL,CENTRIFUGAL PUMP 2HP CARBON STEEL
141,62,0.6544,0.6383,0.6319,2,CENTRIFUGAL PUMP 10HP STAINLESS STEEL,STEEL STAINLESS CENTRIFUGAL PUMP
140,62,0.6544,0.6383,0.6319,2,CENTRIFUGAL PUMP 10HP STAINLESS STEEL,STEEL STAINLESS CENTRIFUGAL PUMP
137,62,0.6544,0.6383,0.6319,2,CENTRIFUGAL PUMP 10HP STAINLESS STEEL,STEEL STAINLESS CENTRIFUGAL PUMP
62,139,0.6544,0.6383,0.6319,2,STEEL STAINLESS CENTRIFUGAL PUMP,CENTRIFUGAL PUMP 10HP STAINLESS STEEL
421,418,0.6542,0.5369,0.8,2,ROLLER BEARING ZZ,ROLLER BEARING 30210 ZZ
421,420,0.6542,0.5369,0.8,2,ROLLER BEARING ZZ,ROLLER BEARING 30210 ZZ
418,341,0.6542,0.5369,0.8,2,ROLLER BEARING 30210 ZZ,ROLLER BEARING ZZ
420,341,0.6542,0.5369,0.8,2,ROLLER BEARING 30210 ZZ,ROLLER BEARING ZZ
1174,958,0.6538,0.5985,0.6941,2,STAINLESS STEEL SUBMERSIBLE PUMP,2HP SUBMERSIBLE STAINLESS STEEL PUMP
519,352,0.6537,0.5625,0.7536,2,CENTRIFUGAL PUMP 5HP CAARBON STEEL,CENTRIFUGAL PUMP 5HP SAINLESS STEEL
232,230,0.6533,0.531,0.8036,2,ROLLER BEARING 2RS,ROLLER BEARING 30210 2RS
91,886,0.6528,0.6029,0.6807,2,PUMP CAST 15HP SUBMERSIBLE IRON,SUBMERSIBLE PUMP CAST IRON
1103,469,0.6526,0.4461,0.6071,3,CABLE SQMM ALUMINIUM PVC ARMOURED 1.1KV,CABLE 4C X 10 SQMM COPPEER PVC ARMOURED 1.1KV
959,958,0.6525,0.5957,0.6903,2,SUBMERSIBLE PUMP 2HP STEEL,2HP SUBMERSIBLE STAINLESS STEEL PUMP
58,28,0.6524,0.608,0.6696,2,TAPER ROLLER BEARING 6305,TAPER ROLLER 6305 2RS
203,61,0.6523,0.5879,0.7019,2,TAPER ROLLER BEARING 6305 ZZ,6305 ROLLER BEARING TAPER
204,61,0.6523,0.5879,0.7019,2,TAPER ROLLER BEARING 6305 ZZ,6305 ROLLER BEARING TAPER
205,61,0.6523,0.5879,0.7019,2,TAPER ROLLER BEARING 6305 ZZ,6305 ROLLER BEARING TAPER
61,206,0.6523,0.5879,0.7019,2,6305 ROLLER BEARING TAPER,TAPER ROLLER BEARING 6305 ZZ
1111,1112,0.6519,0.4311,0.6277,3,CABLE 3C X 16 SQMM COPPER PVC 11KV,3C X 16 11KV PVC SQMM CABLE UNARM
444,73,0.6513,0.5274,0.7961,2,BALL BEARING 51110 2RS,BALL BEARING 2RS
447,73,0.6513,0.5274,0.7961,2,BALL BEARING 51110 2RS,BALL BEARING 2RS
446,73,0.6513,0.5274,0.7961,2,BALL BEARING 51110 2RS,BALL BEARING 2RS
31,61,0.6512,0.5758,0.7148,2,TAPER ROLLER BEARING 6305 2RS,6305 ROLLER BEARING TAPER
32,61,0.6512,0.5758,0.7148,2,TAPER ROLLER BEARING 6305 2RS,6305 ROLLER BEARING TAPER
30,61,0.6512,0.5758,0.7148,2,TAPER ROLLER BEARING 6305 2RS,6305 ROLLER BEARING TAPER
61,29,0.6512,0.5758,0.7148,2,6305 ROLLER BEARING TAPER,TAPER ROLLER BEARING 6305 2RS
224,62,0.6497,0.6198,0.6319,2,CENTRIFUGAL PUMP 15HP STAINLESS STEEL,STEEL STAINLESS CENTRIFUGAL PUMP
797,795,0.649,0.5559,0.7333,2,PUMP CARBON 25HP STEEL SCREW,SCREW PUMP CARBON STEEL
63,65,0.649,0.5336,0.7708,2,CENTRIFUGAL PUMP 2HP STAINLESS STEEL,CNT PUMP 2HP STAINLESS STEEL
64,65,0.649,0.5336,0.7708,2,CENTRIFUGAL PUMP 2HP STAINLESS STEEL,CNT PUMP 2HP STAINLESS STEEL
772,73,0.649,0.5438,0.7534,2,2RS BALL BEARING 6204,BALL BEARING 2RS
731,437,0.6488,0.5983,0.6617,2,SPIRAL WOUND GASKET 25MM,SPIRAL WOUND 25MM CL150
438,1012,0.6483,0.5362,0.7619,2,SPIRAL WOUND MM 25 CL150,SPIRAL WOUND 150 MM CL150
1120,1117,0.6482,0.5784,0.6903,2,SPHERICAL ROLLER BEARING 22210 2RS,2RS ROLLER BEARING SPHERICAL
1117,1119,0.6482,0.5784,0.6903,2,2RS ROLLER BEARING SPHERICAL,SPHERICAL ROLLER BEARING 22210 2RS
1117,1206,0.6482,0.5787,0.6903,2,2RS ROLLER BEARING SPHERICAL,SPHERICAL ROLLER BEARING 30205 2RS
300,249,0.648,0.5829,0.6818,2,GGEAR PUMP CAST IRON,10HP GEAR PUMP CAST IRON
1075,177,0.6478,0.6286,0.6041,2,RING JOINT GASKET 80MM PN16,80MM GASKET RING JOINT
177,1072,0.6478,0.6286,0.6041,2,80MM GASKET RING JOINT,RING JOINT GASKET 80MM PN16
177,1071,0.6478,0.6286,0.6041,2,80MM GASKET RING JOINT,RING JOINT GASKET 80MM PN16
972,969,0.6474,0.4401,0.5826,3,SQMM CABLE XLPE 11KV ARMOURED 4C X 2.5,CABLE 4C X 2.5 SQMM ALUMINIUM *LPE ARMOURED 11KV
1158,942,0.6473,0.5593,0.7165,2,ROLLER BEARING 6305 2RS,2RS ROLLER BEARING
942,1160,0.6473,0.5593,0.7165,2,2RS ROLLER BEARING,ROLLER BEARING 6305 2RS
942,1156,0.6473,0.5593,0.7165,2,2RS ROLLER BEARING,ROLLER BEARING 6305 2RS
942,1159,0.6473,0.5593,0.7165,2,2RS ROLLER BEARING,ROLLER BEARING 6305 2RS
90,886,0.6472,0.5711,0.6964,2,SUBMERSIBLE UMP 15HP CAST IRON,SUBMERSIBLE PUMP CAST IRON
948,950,0.647,0.4691,0.5316,3,CABLE 3C X 16 SQMM ALUMINIUM X LPE ARMOURED 11KV,ALUMINIUM CABLE 11KV 3C X 16 SMM XLPE
949,950,0.647,0.4691,0.5316,3,CABLE 3C X 16 SQMM ALUMINIUM X LPE ARMOURED 11KV,ALUMINIUM CABLE 11KV 3C X 16 SMM XLPE
1214,1213,0.6468,0.5645,0.7045,2,GEAR PUMP 1HP STAINLESS STEEL,GEAR PUMP STAINLESS STEEEL
1213,1216,0.6468,0.5645,0.7045,2,GEAR PUMP STAINLESS STEEEL,GEAR PUMP 1HP STAINLESS STEEL
1213,1212,0.6468,0.5645,0.7045,2,GEAR PUMP STAINLESS STEEEL,GEAR PUMP 1HP STAINLESS STEEL
315,551,0.6468,0.5661,0.7016,2,SPHERICAL ROLLER BEARING 6003,SPHERICLA ROLLER BEARING 6003 2RS
312,551,0.6468,0.5661,0.7016,2,SPHERICAL ROLLER BEARING 6003,SPHERICLA ROLLER BEARING 6003 2RS
551,314,0.6468,0.5661,0.7016,2,SPHERICLA ROLLER BEARING 6003 2RS,SPHERICAL ROLLER BEARING 6003
261,537,0.646,0.5957,0.6474,2,BALL BEARING 6205 ZZ,BAALL BEARING 6205
537,262,0.646,0.5957,0.6474,2,BAALL BEARING 6205,BALL BEARING 6205 ZZ
537,263,0.646,0.5957,0.6474,2,BAALL BEARING 6205,BALL BEARING 6205 ZZ
537,260,0.646,0.5957,0.6474,2,BAALL BEARING 6205,BALL BEARING 6205 ZZ
537,264,0.646,0.5957,0.6474,2,BAALL BEARING 6205,BALL BEARING 6205 ZZ
505,506,0.6458,0.6022,0.6348,2,TAPEER BEARING 22210,TAPER ROLLER BEARING 22210
1074,177,0.6455,0.5459,0.7265,2,JOINT 80MM GASKET PN16 RING,80MM GASKET RING JOINT
390,1187,0.6451,0.525,0.7593,2,ERW PIPE SCH160 CARBON STEEL,ERW PIPE 50MM CARBON STEEL
850,168,0.6448,0.5322,0.7451,2,CENTTRIF PUMP 5HP CAST IRON,SCREW PUMP 5HP CAST IRON
313,618,0.6445,0.5513,0.7115,2,SPHERICAL 6003 BEARING ROLLER,SPHERICAL ROLLER BEARING 6003 ZZ
313,617,0.6445,0.5513,0.7115,2,SPHERICAL 6003 BEARING ROLLER,SPHERICAL ROLLER BEARING 6003 ZZ
505,878,0.644,0.5908,0.6419,2,TAPEER BEARING 22210,TAPER BEARING 22210 2RS
450,1213,0.6438,0.5573,0.6964,2,GEAR PUMP 10HP STAINLESS STEEL,GEAR PUMP STAINLESS STEEEL
1213,451,0.6438,0.5573,0.6964,2,GEAR PUMP STAINLESS STEEEL,GEAR PUMP 10HP STAINLESS STEEL
1213,448,0.6438,0.5573,0.6964,2,GEAR PUMP STAINLESS STEEEL,GEAR PUMP 10HP STAINLESS STEEL
65,954,0.6437,0.5403,0.724,2,CNT PUMP 2HP STAINLESS STEEL,SUBMERSIBLE PUMP 2HP STAINLESS STEEL
65,955,0.6437,0.5403,0.724,2,CNT PUMP 2HP STAINLESS STEEL,SUBMERSIBLE PUMP 2HP STAINLESS STEEL
65,956,0.6437,0.5403,0.724,2,CNT PUMP 2HP STAINLESS STEEL,SUBMERSIBLE PUMP 2HP STAINLESS STEEL
65,957,0.6437,0.5403,0.724,2,CNT PUMP 2HP STAINLESS STEEL,SUBMERSIBLE PUMP 2HP STAINLESS STEEL
671,621,0.6433,0.5863,0.6449,2,GEAR PUMP CARBON STEEL,CARBON STEEL 25HP GEAR PUMP
621,624,0.6433,0.5863,0.6449,2,CARBON STEEL 25HP GEAR PUMP,GEAR PUMP CARBON STEEL
851,352,0.6432,0.6228,0.5835,2,CENTRIFUGAL PUMP 5HP CAST IRON,CENTRIFUGAL PUMP 5HP SAINLESS STEEL
847,352,0.6432,0.6228,0.5835,2,CENTRIFUGAL PUMP 5HP CAST IRON,CENTRIFUGAL PUMP 5HP SAINLESS STEEL
852,352,0.6432,0.6228,0.5835,2,CENTRIFUGAL PUMP 5HP CAST IRON,CENTRIFUGAL PUMP 5HP SAINLESS STEEL
849,352,0.6432,0.6228,0.5835,2,CENTRIFUGAL PUMP 5HP CAST IRON,CENTRIFUGAL PUMP 5HP SAINLESS STEEL
848,352,0.6432,0.6228,0.5835,2,CENTRIFUGAL PUMP 5HP CAST IRON,CENTRIFUGAL PUMP 5HP SAINLESS STEEL
1078,298,0.6429,0.5464,0.7083,2,BEARING BALL 51110 ZZ,ZZ BEARING BALL
1117,806,0.6427,0.5565,0.6903,2,2RS ROLLER BEARING SPHERICAL,SPHERICAL ROLLER BEARING 51110 2RS
92,883,0.6425,0.5509,0.6983,2,SUBMERSIBLE PUMP 15HP CAST IRON,SUBMERSSIBLE PUMP CAST IRON
93,883,0.6425,0.5509,0.6983,2,SUBMERSIBLE PUMP 15HP CAST IRON,SUBMERSSIBLE PUMP CAST IRON
653,1100,0.6423,0.4332,0.5601,3,CABLE 2C X 10 SQMM ALUMINIUM X LPE 1.1KV,ARMOURED PVC CABLE 1.1KV SQMM ALUMINIUM 2C X 25
959,553,0.6419,0.5875,0.6333,2,SUBMERSIBLE PUMP 2HP STEEL,2HP SUBMERSIBLE CARBON STEEL
885,886,0.6419,0.6607,0.5115,2,10HP CAST IRON SUBMERSIBLE,SUBMERSIBLE PUMP CAST IRON
1170,412,0.6418,0.568,0.6656,2,STAINLESS STEEL SUBMERSIBLE 25HP PUMP,SUBMERSIBLE PUMP 25HP STEEL
203,59,0.6416,0.5576,0.6814,2,TAPER ROLLER BEARING 6305 ZZ,TAPER ROLLER BRRNG 6305
59,204,0.6416,0.5576,0.6814,2,TAPER ROLLER BRRNG 6305,TAPER ROLLER BEARING 6305 ZZ
59,205,0.6416,0.5576,0.6814,2,TAPER ROLLER BRRNG 6305,TAPER ROLLER BEARING 6305 ZZ
59,206,0.6416,0.5576,0.6814,2,TAPER ROLLER BRRNG 6305,TAPER ROLLER BEARING 6305 ZZ
421,344,0.6416,0.5763,0.65,2,ROLLER BEARING ZZ,22210 BEARING ZZ ROLLER
344,341,0.6416,0.5763,0.65,2,22210 BEARING ZZ ROLLER,ROLLER BEARING ZZ
371,1047,0.6414,0.4905,0.7922,2,TAPER ZZ 6206 ROLLER BEARING,TAPER ROLLER BEARING ZZ
569,339,0.6413,0.4304,0.5577,3,GLOBE CAST IRON WAFER VALVE 150MM,GLOBE VALVE PN25 CAST IRON WAFRE
1219,1218,0.6408,0.5503,0.688,2,SPIRAL WOUND GASKET 100MM PN16,SPIRAL WUND GASKET 100 PN16
1217,1218,0.6408,0.5503,0.688,2,SPIRAL WOUND GASKET 100MM PN16,SPIRAL WUND GASKET 100 PN16
1091,1187,0.6404,0.5239,0.7296,2,ERW PIPE CARBON STEEL SCH80,ERW PIPE 50MM CARBON STEEL
302,300,0.64,0.5448,0.6919,2,GEAR PUMP 1HP CAST IRON,GGEAR PUMP CAST IRON
300,299,0.64,0.5448,0.6919,2,GGEAR PUMP CAST IRON,GEAR PUMP 1HP CAST IRON
300,304,0.64,0.5448,0.6919,2,GGEAR PUMP CAST IRON,GEAR PUMP 1HP CAST IRON
478,942,0.64,0.5302,0.7165,2,ROLLER BEARING 6003 2RS,2RS ROLLER BEARING
408,407,0.6398,0.6344,0.5417,2,SUBBMERSIBLE PUMP 25HP CARBON STEEL,SUBMERSIBLE PUMP 25HP
136,62,0.6396,0.6259,0.554,2,CENTRIFUGAL PUMP 10HP STAINLESS,STEEL STAINLESS CENTRIFUGAL PUMP
1064,1063,0.6394,0.5215,0.7269,2,SEAMLESS PIPE 50MM CARBON STEEL,SEAMLESS PIPE 50MM SCH40 CAROBN STEEL
1199,1018,0.6393,0.4642,0.4883,3,3.3KV ARMOURED CABLE SQMM PVC 3C X 25,CABLE SQMM ALUMINIUM PVC ARMOURED 3.3KV
991,883,0.6393,0.5427,0.6907,2,SUBMERSIBLE PUMP 7.5HP CAST IRON,SUBMERSSIBLE PUMP CAST IRON
883,989,0.6393,0.5427,0.6907,2,SUBMERSSIBLE PUMP CAST IRON,SUBMERSIBLE PUMP 7.5HP CAST IRON
285,422,0.6392,0.5366,0.7006,2,ROLLER BEARING 30210,ROLLER ZZ 30210 BEARING
284,422,0.6392,0.5366,0.7006,2,ROLLER BEARING 30210,ROLLER ZZ 30210 BEARING
233,422,0.6392,0.5366,0.7006,2,ROLLER BEARING 30210,ROLLER ZZ 30210 BEARING
422,419,0.6392,0.5366,0.7006,2,ROLLER ZZ 30210 BEARING,ROLLER BEARING 30210
886,856,0.639,0.5333,0.7045,2,SUBMERSIBLE PUMP CAST IRON,SUBERSIBLE PUMP 2HP CAST IRON
1094,795,0.6383,0.5134,0.7333,2,PUMP CARBON 15HP SCREW STEEL,SCREW PUMP CARBON STEEL
883,855,0.6382,0.4897,0.7717,2,SUBMERSSIBLE PUMP CAST IRON,SUBMERISBLE PUMP CAST IRON
698,521,0.6377,0.578,0.6214,2,CARBON STEEL PUMP CENTRIFUGAL,5HP CARBON CENTRIFUGAL PUMP
300,655,0.6377,0.5355,0.6919,2,GGEAR PUMP CAST IRON,GEAR PUMP 2HP CAST IRON
938,942,0.6376,0.5253,0.7083,2,ROLLER BEARING 30205 2RS,2RS ROLLER BEARING
942,941,0.6376,0.5253,0.7083,2,2RS ROLLER BEARING,ROLLER BEARING 30205 2RS
942,939,0.6376,0.5253,0.7083,2,2RS ROLLER BEARING,ROLLER BEARING 30205 2RS
585,942,0.6375,0.525,0.7083,2,ROLLER BEARING 22210 2RS,2RS ROLLER BEARING
31,59,0.6375,0.5462,0.6731,2,TAPER ROLLER BEARING 6305 2RS,TAPER ROLLER BRRNG 6305
584,942,0.6375,0.525,0.7083,2,ROLLER BEARING 22210 2RS,2RS ROLLER BEARING
32,59,0.6375,0.5462,0.6731,2,TAPER ROLLER BEARING 6305 2RS,TAPER ROLLER BRRNG 6305
30,59,0.6375,0.5462,0.6731,2,TAPER ROLLER BEARING 6305 2RS,TAPER ROLLER BRRNG 6305
59,29,0.6375,0.5462,0.6731,2,TAPER ROLLER BRRNG 6305,TAPER ROLLER BEARING 6305 2RS
421,817,0.6373,0.4691,0.8,2,ROLLER BEARING ZZ,ROLLER BEARING NU309 ZZ
817,341,0.6373,0.4691,0.8,2,ROLLER BEARING NU309 ZZ,ROLLER BEARING ZZ
942,755,0.6372,0.519,0.7165,2,2RS ROLLER BEARING,ROLLER BEARING 6307 2RS
908,708,0.6369,0.5604,0.6453,2,25MM PN16 GASKET PTFE,PTFE GASKET PN16
760,758,0.6368,0.5195,0.7126,2,RIG JOINT GASKET 150MM CL150,RIING JOINT GASKET CL150 150MM
300,250,0.6366,0.5372,0.6818,2,GGEAR PUMP CAST IRON,GEAR PUMP 10HP CAST IRON
300,248,0.6366,0.5372,0.6818,2,GGEAR PUMP CAST IRON,GEAR PUMP 10HP CAST IRON
300,251,0.6366,0.5372,0.6818,2,GGEAR PUMP CAST IRON,GEAR PUMP 10HP CAST IRON
7,394,0.6364,0.3938,0.5867,3,CABLE 2C X 50 SQMM COPPER UNARMOURED 3.3KV,CABLE SQMM COPPER PVC UNARM 3.3KV
942,230,0.6358,0.5184,0.7083,2,2RS ROLLER BEARING,ROLLER BEARING 30210 2RS
303,862,0.6357,0.5026,0.7333,2,GEAR CAST IRON PUMP 1HP,GEAR PUMP CAST IRON
1004,1005,0.6355,0.4019,0.5667,3,CABLE X 50 SQMM ALUMINIUM X LPE UNARMOURED 1.1KV,1.1KV 50 ALUMINIUM X 4C UNARM CABLE X SQMM
453,252,0.6355,0.5655,0.6278,2,GEAR PUMP 10HP STEEL,GEAR PUMP 10HP CCAST IRON
303,142,0.6353,0.5443,0.6611,2,GEAR CAST IRON PUMP 1HP,GEAR PUMP 1HP
990,886,0.6347,0.5849,0.5897,2,CAST IRON 7.5HP PUMP SUBMERSIBLE,SUBMERSIBLE PUMP CAST IRON
496,1213,0.6345,0.525,0.6886,2,GEAR PUMP 7.5HP STAINLESS STEEL,GEAR PUMP STAINLESS STEEEL
493,1213,0.6345,0.525,0.6886,2,GEAR PUMP 7.5HP STAINLESS STEEL,GEAR PUMP STAINLESS STEEEL
1213,495,0.6345,0.525,0.6886,2,GEAR PUMP STAINLESS STEEEL,GEAR PUMP 7.5HP STAINLESS STEEL
1004,188,0.6344,0.3842,0.5887,3,CABLE X 50 SQMM ALUMINIUM X LPE UNARMOURED 1.1KV,CABLE 1C X 50 SQMM PVC UNARMD 1.1KV
1035,540,0.6342,0.5843,0.5873,2,ROLLER 6206 BEARING TAAPER,2RS RLLER 6206 BEARING TAPER
177,178,0.6336,0.5382,0.66,2,80MM GASKET RING JOINT,GASKET 80MM CL300 JOINT RING
437,438,0.6336,0.5162,0.6968,2,SPIRAL WOUND 25MM CL150,SPIRAL WOUND MM 25 CL150
105,438,0.633,0.5197,0.6875,2,SPIRAL WOUND 100MM CL150,SPIRAL WOUND MM 25 CL150
854,855,0.6322,0.511,0.6964,2,2HP SUBMERSIBLE PUMP CAST IRON,SUBMERISBLE PUMP CAST IRON
768,73,0.6321,0.509,0.6993,2,6204 2RS BALL BEARING,BALL BEARING 2RS
961,397,0.632,0.4075,0.534,3,CABLE 3C X 35 SQMM ALUMINIUM *LPE UNARM 3.3KV,SQMM CABLE ALUMINIUM 3.3KV PVC UNARM
853,886,0.6318,0.4944,0.7214,2,SUBMERSIBLE IRON CAST 2HP PUMP,SUBMERSIBLE PUMP CAST IRON
845,74,0.6317,0.5068,0.7,2,BEARING BALL 30205,BALL BEARING 30205 2RS
845,72,0.6317,0.5068,0.7,2,BEARING BALL 30205,BALL BEARING 30205 2RS
845,71,0.6317,0.5068,0.7,2,BEARING BALL 30205,BALL BEARING 30205 2RS
252,862,0.6315,0.517,0.6818,2,GEAR PUMP 10HP CCAST IRON,GEAR PUMP CAST IRON
366,1047,0.6314,0.5104,0.6923,2,TAPER ROLLEER BEARING 6206 ZZ,TAPER ROLLER BEARING ZZ
1170,407,0.6312,0.5792,0.5759,2,STAINLESS STEEL SUBMERSIBLE 25HP PUMP,SUBMERSIBLE PUMP 25HP
881,150,0.631,0.6104,0.5226,2,SUBMERSIBLE PUMP 10HP,SUBMERSIIBLE PUMP 10HP STAINLESS STEEL
630,1158,0.6305,0.497,0.7083,2,ROLLER 6305 BEARING,ROLLER BEARING 6305 2RS
630,1160,0.6305,0.497,0.7083,2,ROLLER 6305 BEARING,ROLLER BEARING 6305 2RS
630,1156,0.6305,0.497,0.7083,2,ROLLER 6305 BEARING,ROLLER BEARING 6305 2RS
630,1159,0.6305,0.497,0.7083,2,ROLLER 6305 BEARING,ROLLER BEARING 6305 2RS
3,394,0.6298,0.3686,0.5844,3,CABLE 2C X 50 SQMM COPPER X LPE UNARMD 3.3KV,CABLE SQMM COPPER PVC UNARM 3.3KV
881,884,0.6297,0.5543,0.6077,2,SUBMERSIBLE PUMP 10HP,10HP SUBMERSIBLE CAST IRON PUMP
501,760,0.6293,0.5318,0.6422,2,PTFE GASKET 150MM CL150,RIG JOINT GASKET 150MM CL150
500,760,0.6293,0.5318,0.6422,2,PTFE GASKET 150MM CL150,RIG JOINT GASKET 150MM CL150
499,760,0.6293,0.5318,0.6422,2,PTFE GASKET 150MM CL150,RIG JOINT GASKET 150MM CL150
522,352,0.6283,0.5366,0.6275,2,PUMP 5HP CENTRIFUGAL CARBON STEEL,CENTRIFUGAL PUMP 5HP SAINLESS STEEL
521,519,0.6283,0.6056,0.5123,2,5HP CARBON CENTRIFUGAL PUMP,CENTRIFUGAL PUMP 5HP CAARBON STEEL
1175,226,0.6283,0.5035,0.683,2,ROLLER ZZ 6003 BEARING TAPER,TAPER ROLLER BEARING 6003
300,1106,0.6279,0.5083,0.6722,2,GGEAR PUMP CAST IRON,GEAR PUMP 7.5HP CAST IRON
300,1107,0.6279,0.5083,0.6722,2,GGEAR PUMP CAST IRON,GEAR PUMP 7.5HP CAST IRON
686,681,0.627,0.4521,0.7596,2,CARBON STEEL CEENT 10HP PUMP,CARBON STEEL CETRIFUGAL 10HP PUMP
337,1213,0.6264,0.4827,0.7045,2,GEAR 2HP PUMP STAINLESS STEEL,GEAR PUMP STAINLESS STEEEL
313,620,0.6263,0.5077,0.6623,2,SPHERICAL 6003 BEARING ROLLER,BEARING 6003 SPHERICAL ROLLER ZZ
107,438,0.6259,0.5072,0.6607,2,SPIRAL WOUND GASKET 100 MM CL150,SPIRAL WOUND MM 25 CL150
343,344,0.6254,0.4671,0.7238,2,BEARING 22210 ROLLER,22210 BEARING ZZ ROLLER
881,882,0.6247,0.5747,0.5404,2,SUBMERSIBLE PUMP 10HP,SUBMERSIBLE 10HP CAST IRON
873,846,0.6241,0.5328,0.6058,2,30205 ZZ BEARING BALL,BALL BEARING 30205
873,844,0.6241,0.5328,0.6058,2,30205 ZZ BEARING BALL,BALL BEARING 30205
41,453,0.6235,0.4941,0.6667,2,GEAAR PUMP 10HP CARBON STEEL,GEAR PUMP 10HP STEEL
573,572,0.6234,0.388,0.5093,3,ARMOURED COPPER MM 1C X 6 SQ CABLE 3.3KV XLPE,CABLE 1C X 6 SQMM XLE ARMOURED 3.3KV
620,619,0.6233,0.5788,0.5242,2,BEARING 6003 SPHERICAL ROLLER ZZ,SPHHERICAL ROLLER BEARING 6003
505,1048,0.6229,0.5468,0.5748,2,TAPEER BEARING 22210,TAPER ROLLER BEARING 22210 ZZ
805,807,0.6229,0.5674,0.5406,2,SPHERICAL ROLLER BEARING 51110,2RS BEARING ROLLER 51110 SPHERICAL
313,552,0.6225,0.4951,0.6581,2,SPHERICAL 6003 BEARING ROLLER,6003 2RS BEARING SPHERICAL ROLLER
1117,807,0.6224,0.4463,0.7387,2,2RS ROLLER BEARING SPHERICAL,2RS BEARING ROLLER 51110 SPHERICAL
119,1253,0.6217,0.4619,0.7083,2,PTFE GASKET CL150,80MM GASKET PTFE CL150
908,703,0.6205,0.5276,0.5909,2,25MM PN16 GASKET PTFE,MM PTFE PN16 GASKET 150
59,28,0.6204,0.4698,0.6864,2,TAPER ROLLER BRRNG 6305,TAPER ROLLER 6305 2RS
334,958,0.6201,0.4587,0.7026,2,2HP STAINLESS STEEL PUMP GERA,2HP SUBMERSIBLE STAINLESS STEEL PUMP
505,877,0.6199,0.5394,0.5667,2,TAPEER BEARING 22210,TAPER ROLLER BEARING 22210 2RS
505,876,0.6199,0.5394,0.5667,2,TAPEER BEARING 22210,TAPER ROLLER BEARING 22210 2RS
296,755,0.6197,0.5015,0.6286,2,RLOLER BEARING 6307,ROLLER BEARING 6307 2RS
135,600,0.6197,0.498,0.6346,2,PTFE GASKET 100MM CL150,RNIG JOINT GASKET 100MM CL150
600,133,0.6197,0.498,0.6346,2,RNIG JOINT GASKET 100MM CL150,PTFE GASKET 100MM CL150
600,134,0.6197,0.498,0.6346,2,RNIG JOINT GASKET 100MM CL150,PTFE GASKET 100MM CL150
1213,338,0.6195,0.4988,0.6318,2,GEAR PUMP STAINLESS STEEEL,2HP PUMP STAINLESS STEEL GEAR
959,554,0.6193,0.5303,0.5778,2,SUBMERSIBLE PUMP 2HP STEEL,CARBON STEEL SUBMERSIBLE 2HP
544,1047,0.6189,0.4742,0.6692,2,51110 ZZ TAPER BEARING ROLLER,TAPER ROLLER BEARING ZZ
960,397,0.6188,0.3301,0.575,3,X SQMM UNARM 3C CABLE 35 ALUMINIUM LPE 3.3KV,SQMM CABLE ALUMINIUM 3.3KV PVC UNARM
335,336,0.6187,0.5521,0.5381,2,STAINLESS PUMP 2HP STEEL GEAR,GEAR PUMP 2HP
704,703,0.6186,0.5245,0.5833,2,PTFE GASKET 150MM PN16,MM PTFE PN16 GASKET 150
705,703,0.6186,0.5245,0.5833,2,PTFE GASKET 150MM PN16,MM PTFE PN16 GASKET 150
453,452,0.6185,0.4958,0.63,2,GEAR PUMP 10HP STEEL,GEAR PMUP 10HP STAINLESS STEEL
671,672,0.6185,0.46,0.69,2,GEAR PUMP CARBON STEEL,GEEAR PUMP 15HP CARBON STEEL
624,672,0.6185,0.46,0.69,2,GEAR PUMP CARBON STEEL,GEEAR PUMP 15HP CARBON STEEL
146,1215,0.6184,0.4984,0.6256,2,GEAR PUMP 1HP STEEL,GEAR 1HP STAINLESS STEEL
1121,1117,0.6179,0.4575,0.6903,2,22210 ROLLER SPHERICAL 2RS BEARING,2RS ROLLER BEARING SPHERICAL
968,972,0.6165,0.3437,0.5375,3,CABLE SQMM ALUMINIUM XLPE ARMOURED 11KV,SQMM CABLE XLPE 11KV ARMOURED 4C X 2.5
619,551,0.6165,0.4493,0.6944,2,SPHHERICAL ROLLER BEARING 6003,SPHERICLA ROLLER BEARING 6003 2RS
61,60,0.6165,0.4977,0.6137,2,6305 ROLLER BEARING TAPER,TAPER ROLLLER BEARING 6305
41,671,0.616,0.45,0.69,2,GEAAR PUMP 10HP CARBON STEEL,GEAR PUMP CARBON STEEL
41,624,0.616,0.45,0.69,2,GEAAR PUMP 10HP CARBON STEEL,GEAR PUMP CARBON STEEL
285,423,0.6155,0.5062,0.5929,2,ROLLER BEARING 30210,ROLLER 30210 ZZ
284,423,0.6155,0.5062,0.5929,2,ROLLER BEARING 30210,ROLLER 30210 ZZ
233,423,0.6155,0.5062,0.5929,2,ROLLER BEARING 30210,ROLLER 30210 ZZ
423,419,0.6155,0.5062,0.5929,2,ROLLER 30210 ZZ,ROLLER BEARING 30210
436,438,0.6155,0.4891,0.6217,2,SPIRAL WOUND GASKET 25MM CL150,SPIRAL WOUND MM 25 CL150
435,438,0.6155,0.4891,0.6217,2,SPIRAL WOUND GASKET 25MM CL150,SPIRAL WOUND MM 25 CL150
434,438,0.6155,0.4891,0.6217,2,SPIRAL WOUND GASKET 25MM CL150,SPIRAL WOUND MM 25 CL150
232,943,0.6153,0.4926,0.6146,2,ROLLER BEARING 2RS,ROLLER EARING 2RS 30205
92,855,0.6152,0.4476,0.6886,2,SUBMERSIBLE PUMP 15HP CAST IRON,SUBMERISBLE PUMP CAST IRON
93,855,0.6152,0.4476,0.6886,2,SUBMERSIBLE PUMP 15HP CAST IRON,SUBMERISBLE PUMP CAST IRON
860,90,0.6148,0.5041,0.5916,2,GAR PUMP 15HP CAST IRON,SUBMERSIBLE UMP 15HP CAST IRON
1112,54,0.6143,0.312,0.5754,3,3C X 16 11KV PVC SQMM CABLE UNARM,CABLE 3C X 2.5 SQMM COPPER PVC UNARM
1023,438,0.6136,0.4927,0.6032,2,SPIRAL WOUND GASKET 80MM CL150,SPIRAL WOUND MM 25 CL150
1014,760,0.6136,0.4778,0.6274,2,SPIRAL GASKET 150MM CL150,RIG JOINT GASKET 150MM CL150
438,1020,0.6136,0.4927,0.6032,2,SPIRAL WOUND MM 25 CL150,SPIRAL WOUND GASKET 80MM CL150
438,1024,0.6136,0.4927,0.6032,2,SPIRAL WOUND MM 25 CL150,SPIRAL WOUND GASKET 80MM CL150
438,1013,0.6132,0.4949,0.5961,2,SPIRAL WOUND MM 25 CL150,SPIRAL WOUND GASKET 150MM CL150
629,626,0.6129,0.4599,0.6528,2,SPRING WASHER M16 GRADE 4.6 ZNIC PLATED,SPRIING M16 GRADE 4.6 ZINC PLATED
104,438,0.6126,0.4928,0.5961,2,SPIRAL WOUND GASKET 100MM CL150,SPIRAL WOUND MM 25 CL150
698,685,0.6125,0.5052,0.5746,2,CARBON STEEL PUMP CENTRIFUGAL,CENTRIFUGAL 10HP CARBON PUMP STEEL
991,855,0.6124,0.4409,0.681,2,SUBMERSIBLE PUMP 7.5HP CAST IRON,SUBMERISBLE PUMP CAST IRON
855,989,0.6124,0.4409,0.681,2,SUBMERISBLE PUMP CAST IRON,SUBMERSIBLE PUMP 7.5HP CAST IRON
930,818,0.6122,0.4572,0.6524,2,ROLLER BEARING NU309,ROLLER EARING ZZ NU309
861,862,0.6121,0.4473,0.6684,2,15HP GEAR CAST IRON,GEAR PUMP CAST IRON
22,23,0.6119,0.5399,0.5125,2,SUBMERSIBLE PUMP 5HP,SUBMERSIBLE 5HP CARBON STEEL
65,335,0.6118,0.4787,0.614,2,CNT PUMP 2HP STAINLESS STEEL,STAINLESS PUMP 2HP STEEL GEAR
729,1218,0.6117,0.4611,0.6429,2,SPIRAL WOUND GASKET 25MM PN16,SPIRAL WUND GASKET 100 PN16
1218,727,0.6117,0.4611,0.6429,2,SPIRAL WUND GASKET 100 PN16,SPIRAL WOUND GASKET 25MM PN16
1105,862,0.6114,0.4502,0.6591,2,GEAR PMUP 7.5HP CAST IRON,GEAR PUMP CAST IRON
422,286,0.6112,0.4803,0.6076,2,ROLLER ZZ 30210 BEARING,BEARING 30210 ROLLER
59,60,0.6109,0.4743,0.6156,2,TAPER ROLLER BRRNG 6305,TAPER ROLLLER BEARING 6305
1117,1118,0.6108,0.4834,0.6,2,2RS ROLLER BEARING SPHERICAL,ROLLER BRNNG SPHERICAL 22210 2RS
671,328,0.6102,0.4508,0.65,2,GEAR PUMP CARBON STEEL,CARBON STEEL 2HP PUMP GEAR
328,624,0.6102,0.4508,0.65,2,CARBON STEEL 2HP PUMP GEAR,GEAR PUMP CARBON STEEL
651,192,0.6101,0.3862,0.4235,3,CABLE 2C X 10 SQMM X LPE UNARM 1.1KV,UNARMD SQMM 1.1KV CABLE 2C X 1.5 COPPER PVC
908,874,0.6099,0.5055,0.5569,2,25MM PN16 GASKET PTFE,PN16 GASKET PPTFE 50
761,501,0.6096,0.5047,0.5559,2,RNG GASKET 150 MM CL150,PTFE GASKET 150MM CL150
761,500,0.6096,0.5047,0.5559,2,RNG GASKET 150 MM CL150,PTFE GASKET 150MM CL150
761,499,0.6096,0.5047,0.5559,2,RNG GASKET 150 MM CL150,PTFE GASKET 150MM CL150
353,356,0.6094,0.3941,0.7391,2,CENTRIFUGAL PUMP 5HP STAINLESS STEEL,CENTTRIF 5HP PUMP STAINLESS STEEL
356,354,0.6094,0.3941,0.7391,2,CENTTRIF 5HP PUMP STAINLESS STEEL,CENTRIFUGAL PUMP 5HP STAINLESS STEEL
356,351,0.6094,0.3941,0.7391,2,CENTTRIF 5HP PUMP STAINLESS STEEL,CENTRIFUGAL PUMP 5HP STAINLESS STEEL
438,774,0.6092,0.4362,0.6675,2,SPIRAL WOUND MM 25 CL150,SPIRAL WOUND AGSKET 50 MM CL150
1175,1047,0.6088,0.4186,0.6941,2,ROLLER ZZ 6003 BEARING TAPER,TAPER ROLLER BEARING ZZ
537,538,0.6082,0.4771,0.5929,2,BAALL BEARING 6205,BEARING 6205 BALL
1255,1023,0.6082,0.4635,0.6154,2,PFTE GASKET 80MM CL150,SPIRAL WOUND GASKET 80MM CL150
1255,1020,0.6082,0.4635,0.6154,2,PFTE GASKET 80MM CL150,SPIRAL WOUND GASKET 80MM CL150
1255,1024,0.6082,0.4635,0.6154,2,PFTE GASKET 80MM CL150,SPIRAL WOUND GASKET 80MM CL150
772,771,0.6081,0.4596,0.6211,2,2RS BALL BEARING 6204,BALL BEARIGN 6204
521,352,0.608,0.5271,0.5081,2,5HP CARBON CENTRIFUGAL PUMP,CENTRIFUGAL PUMP 5HP SAINLESS STEEL
651,193,0.6079,0.3219,0.5163,3,CABLE 2C X 10 SQMM X LPE UNARM 1.1KV,COPPER SQMM UNARM 2C X 1.5 PVC CABLE 1.1KV
769,771,0.6079,0.459,0.6211,2,BALL BEARING 6204 2RS,BALL BEARIGN 6204
770,771,0.6079,0.459,0.6211,2,BALL BEARING 6204 2RS,BALL BEARIGN 6204
1233,365,0.607,0.3234,0.5076,3,IRON GATE CAST FLANGED CL150 VALVE,50MM GATE IRON VALVE FLANGE CAST
33,60,0.607,0.4757,0.5873,2,TAER ROLLER BEARING 6305 2RS,TAPER ROLLLER BEARING 6305
959,856,0.6063,0.4995,0.5429,2,SUBMERSIBLE PUMP 2HP STEEL,SUBERSIBLE PUMP 2HP CAST IRON
881,885,0.606,0.5636,0.434,2,SUBMERSIBLE PUMP 10HP,10HP CAST IRON SUBMERSIBLE
597,600,0.6058,0.4208,0.6704,2,RING JOINT GSKKT 100MM CL150,RNIG JOINT GASKET 100MM CL150
249,453,0.6056,0.5087,0.5227,2,10HP GEAR PUMP CAST IRON,GEAR PUMP 10HP STEEL
883,856,0.6053,0.4034,0.6964,2,SUBMERSSIBLE PUMP CAST IRON,SUBERSIBLE PUMP 2HP CAST IRON
421,818,0.6047,0.4525,0.6103,2,ROLLER BEARING ZZ,ROLLER EARING ZZ NU309
341,818,0.6047,0.4525,0.6103,2,ROLLER BEARING ZZ,ROLLER EARING ZZ NU309
1021,438,0.604,0.4593,0.5948,2,GASKET WOUND MM SPIRAL 80 CL150,SPIRAL WOUND MM 25 CL150
63,334,0.6039,0.4404,0.6256,2,CENTRIFUGAL PUMP 2HP STAINLESS STEEL,2HP STAINLESS STEEL PUMP GERA
64,334,0.6039,0.4404,0.6256,2,CENTRIFUGAL PUMP 2HP STAINLESS STEEL,2HP STAINLESS STEEL PUMP GERA
232,1157,0.6034,0.3835,0.7165,2,ROLLER BEARING 2RS,ROLLER 2RS 6305 BEARING
795,903,0.603,0.4281,0.64,2,SCREW PUMP CARBON STEEL,CARBON SCREW STEEL 1HP PUMP
1081,723,0.6028,0.4371,0.6233,2,SEAMLESS PIPE SCH80 CARBON STEEL,SEAMLESS PIPE 40MM SCH80 STAINESS STEEL 316
146,303,0.6023,0.4736,0.5595,2,GEAR PUMP 1HP STEEL,GEAR CAST IRON PUMP 1HP
232,479,0.6023,0.3794,0.7165,2,ROLLER BEARING 2RS,ROLLER 2RS 6003 BEARING
1021,107,0.602,0.4413,0.6111,2,GASKET WOUND MM SPIRAL 80 CL150,SPIRAL WOUND GASKET 100 MM CL150
883,882,0.6018,0.4469,0.6006,2,SUBMERSSIBLE PUMP CAST IRON,SUBMERSIBLE 10HP CAST IRON
872,62,0.6017,0.5032,0.5063,2,CENTRIFUGAL 1HP STAINLESS STEEL,STEEL STAINLESS CENTRIFUGAL PUMP
422,421,0.6014,0.3704,0.725,2,ROLLER ZZ 30210 BEARING,ROLLER BEARING ZZ
422,341,0.6014,0.3704,0.725,2,ROLLER ZZ 30210 BEARING,ROLLER BEARING ZZ
289,119,0.6013,0.457,0.5801,2,CL150 25MM GASKET PTFE,PTFE GASKET CL150
334,338,0.6012,0.3667,0.7299,2,2HP STAINLESS STEEL PUMP GERA,2HP PUMP STAINLESS STEEL GEAR
942,1157,0.6011,0.3744,0.7165,2,2RS ROLLER BEARING,ROLLER 2RS 6305 BEARING
176,177,0.6011,0.5583,0.4104,2,RING JOINT GASKET 80 MM CL300,80MM GASKET RING JOINT
1255,1254,0.601,0.4442,0.5994,2,PFTE GASKET 80MM CL150,PTTFE GASKET 80 MM CL150
397,1151,0.6007,0.3282,0.4577,3,SQMM CABLE ALUMINIUM 3.3KV PVC UNARM,CABLE 2C X 35 SQMM ALUMINIUM X LPE UNARMOURED 3.3KV
795,793,0.6006,0.4561,0.5769,2,SCREW PUMP CARBON STEEL,PUMMP CARBON STEEL 25HP SCREW
902,795,0.6004,0.4176,0.64,2,CARBON 1HP PUMP STEEL SCREW,SCREW PUMP CARBON STEEL
942,479,0.6001,0.3704,0.7165,2,2RS ROLLER BEARING,ROLLER 2RS 6003 BEARING
968,950,0.6,0.3457,0.4237,3,CABLE SQMM ALUMINIUM XLPE ARMOURED 11KV,ALUMINIUM CABLE 11KV 3C X 16 SMM XLPE
65,334,0.6,0.3998,0.6667,2,CNT PUMP 2HP STAINLESS STEEL,2HP STAINLESS STEEL PUMP GERA
232,754,0.5999,0.4135,0.6433,2,ROLLER BEARING 2RS,BEARING 6307 2RS ROLLER
65,338,0.5997,0.3776,0.7018,2,CNT PUMP 2HP STAINLESS STEEL,2HP PUMP STAINLESS STEEL GEAR
313,619,0.5992,0.4236,0.622,2,SPHERICAL 6003 BEARING ROLLER,SPHHERICAL ROLLER BEARING 6003
760,1013,0.5992,0.4345,0.6041,2,RIG JOINT GASKET 150MM CL150,SPIRAL WOUND GASKET 150MM CL150
1104,653,0.599,0.3376,0.4309,3,2C X 25 ARMOURED 1.1KV CABLE PVC MM ALUMINIUM SQ,CABLE 2C X 10 SQMM ALUMINIUM X LPE 1.1KV
1112,160,0.599,0.2907,0.509,3,3C X 16 11KV PVC SQMM CABLE UNARM,CABLE 3C X 25 SQMM COPPER PVC 11KV
1174,150,0.5988,0.5168,0.4643,2,STAINLESS STEEL SUBMERSIBLE PUMP,SUBMERSIIBLE PUMP 10HP STAINLESS STEEL
232,231,0.5988,0.413,0.6369,2,ROLLER BEARING 2RS,BEARING 30210 2RS ROLLER
684,40,0.5987,0.3798,0.6918,2,10HP PUMP CNT CARBON STEEL,GEAR PUMP 10HP CARBON STEEL
442,1112,0.5983,0.288,0.509,3,CABLE 3C X 35 SQMM COPPER PVC 11KV,3C X 16 11KV PVC SQMM CABLE UNARM
708,703,0.5978,0.4111,0.6333,2,PTFE GASKET PN16,MM PTFE PN16 GASKET 150
619,552,0.5976,0.488,0.504,2,SPHHERICAL ROLLER BEARING 6003,6003 2RS BEARING SPHERICAL ROLLER
964,397,0.5975,0.3204,0.4493,3,CABLE 3C X 35 SQMM ALUMINIUM *LPE UNARMOURED 3.3KV,SQMM CABLE ALUMINIUM 3.3KV PVC UNARM
1014,761,0.5973,0.4535,0.5595,2,SPIRAL GASKET 150MM CL150,RNG GASKET 150 MM CL150
337,65,0.5966,0.3654,0.7018,2,GEAR 2HP PUMP STAINLESS STEEL,CNT PUMP 2HP STAINLESS STEEL
334,954,0.5966,0.4112,0.6256,2,2HP STAINLESS STEEL PUMP GERA,SUBMERSIBLE PUMP 2HP STAINLESS STEEL
334,955,0.5966,0.4112,0.6256,2,2HP STAINLESS STEEL PUMP GERA,SUBMERSIBLE PUMP 2HP STAINLESS STEEL
334,956,0.5966,0.4112,0.6256,2,2HP STAINLESS STEEL PUMP GERA,SUBMERSIBLE PUMP 2HP STAINLESS STEEL
334,957,0.5966,0.4112,0.6256,2,2HP STAINLESS STEEL PUMP GERA,SUBMERSIBLE PUMP 2HP STAINLESS STEEL
1011,760,0.5958,0.4165,0.6108,2,PIRAL WOUND GASKET 150MM CL150,RIG JOINT GASKET 150MM CL150
146,144,0.5944,0.391,0.6444,2,GEAR PUMP 1HP STEEL,PUMP CARBON STEEL GEAR 1HP
28,60,0.5941,0.4595,0.5284,2,TAPER ROLLER 6305 2RS,TAPER ROLLLER BEARING 6305
301,142,0.594,0.4645,0.5192,2,UPMP 1HP GEAR,GEAR PUMP 1HP
883,884,0.5939,0.4082,0.6121,2,SUBMERSSIBLE PUMP CAST IRON,10HP SUBMERSIBLE CAST IRON PUMP
572,10,0.5936,0.285,0.4826,3,CABLE 1C X 6 SQMM XLE ARMOURED 3.3KV,COPPER ARMOURED PVC 1C X 2.5 3.3KV CABLE SQMM
703,17,0.5935,0.4372,0.5611,2,MM PTFE PN16 GASKET 150,PTFE GASKET 100MM PN16
853,959,0.5933,0.441,0.5536,2,SUBMERSIBLE IRON CAST 2HP PUMP,SUBMERSIBLE PUMP 2HP STEEL
1112,1230,0.5932,0.2884,0.4742,3,3C X 16 11KV PVC SQMM CABLE UNARM,CABLE 3C X 6 SQMM COPPER X LPE UNARMOURED 11KV
940,942,0.593,0.3992,0.6214,2,ROLER BEARING 2RS,2RS ROLLER BEARING
706,703,0.593,0.3892,0.6377,2,150 PTFE MM GASKTE PN16,MM PTFE PN16 GASKET 150
1218,728,0.5927,0.3912,0.6325,2,SPIRAL WUND GASKET 100 PN16,SPIRAL OUND GASKET 25MM PN16
845,843,0.5926,0.4096,0.6014,2,BEARING BALL 30205,BALL BEARIING 30205
1254,119,0.5924,0.4208,0.5813,2,PTTFE GASKET 80 MM CL150,PTFE GASKET CL150
298,261,0.5922,0.3897,0.6321,2,ZZ BEARING BALL,BALL BEARING 6205 ZZ
298,262,0.5922,0.3897,0.6321,2,ZZ BEARING BALL,BALL BEARING 6205 ZZ
298,263,0.5922,0.3897,0.6321,2,ZZ BEARING BALL,BALL BEARING 6205 ZZ
298,260,0.5922,0.3897,0.6321,2,ZZ BEARING BALL,BALL BEARING 6205 ZZ
298,264,0.5922,0.3897,0.6321,2,ZZ BEARING BALL,BALL BEARING 6205 ZZ
475,1063,0.5913,0.3943,0.6184,2,SEAMLESS PIPE SCH40 STAINLESS STEEL 316,SEAMLESS PIPE 50MM SCH40 CAROBN STEEL
1036,1035,0.5909,0.4072,0.5941,2,TAPER ROLLER BEARING 6206,ROLLER 6206 BEARING TAAPER
356,124,0.59,0.3411,0.6984,2,CENTTRIF 5HP PUMP STAINLESS STEEL,SCREW PUMP 5HP STAINLESS STEEL
1103,68,0.5899,0.3653,0.3242,3,CABLE SQMM ALUMINIUM PVC ARMOURED 1.1KV,SQ 4 X ARMOURED 1.1KV LPE CAABLE X MM ALUMINIUM 3.5C
1031,1174,0.5896,0.4761,0.4706,2,SUBMERSIBLE UPMP 1HP STAINLESS STEEL,STAINLESS STEEL SUBMERSIBLE PUMP
9,572,0.5883,0.2853,0.4467,3,CBLE PVC ARMOURED 3.3KV COPPER 1C X 2.5,CABLE 1C X 6 SQMM XLE ARMOURED 3.3KV
31,880,0.5883,0.4072,0.5769,2,TAPER ROLLER BEARING 6305 2RS,2RS ROLLER BEARIG TAPER
32,880,0.5883,0.4072,0.5769,2,TAPER ROLLER BEARING 6305 2RS,2RS ROLLER BEARIG TAPER
30,880,0.5883,0.4072,0.5769,2,TAPER ROLLER BEARING 6305 2RS,2RS ROLLER BEARIG TAPER
880,29,0.5883,0.4072,0.5769,2,2RS ROLLER BEARIG TAPER,TAPER ROLLER BEARING 6305 2RS
910,298,0.5881,0.3733,0.6321,2,BALL BEARING 6003 ZZ,ZZ BEARING BALL
911,298,0.5881,0.3733,0.6321,2,BALL BEARING 6003 ZZ,ZZ BEARING BALL
298,909,0.5881,0.3733,0.6321,2,ZZ BEARING BALL,BALL BEARING 6003 ZZ
600,599,0.5881,0.4064,0.5766,2,RNIG JOINT GASKET 100MM CL150,RING JOIT GASKET 100 MM CL150
668,1210,0.5879,0.379,0.6211,2,PTFE GASKET 80MM CL300,PTFE GSKET CL300
666,1210,0.5879,0.379,0.6211,2,PTFE GASKET 80MM CL300,PTFE GSKET CL300
337,334,0.5878,0.3548,0.6609,2,GEAR 2HP PUMP STAINLESS STEEL,2HP STAINLESS STEEL PUMP GERA
334,335,0.5876,0.3539,0.6609,2,2HP STAINLESS STEEL PUMP GERA,STAINLESS PUMP 2HP STEEL GEAR
753,124,0.5875,0.3787,0.619,2,PUMP SCREW CRBON 5HP STEEL,SCREW PUMP 5HP STAINLESS STEEL
759,760,0.5875,0.4027,0.5789,2,150MM GASKET JOINT CL150 RING,RIG JOINT GASKET 150MM CL150
861,860,0.5874,0.3996,0.5833,2,15HP GEAR CAST IRON,GAR PUMP 15HP CAST IRON
585,940,0.5874,0.381,0.6146,2,ROLLER BEARING 22210 2RS,ROLER BEARING 2RS
584,940,0.5874,0.381,0.6146,2,ROLLER BEARING 22210 2RS,ROLER BEARING 2RS
1021,1023,0.5871,0.4295,0.5316,2,GASKET WOUND MM SPIRAL 80 CL150,SPIRAL WOUND GASKET 80MM CL150
1021,1020,0.5871,0.4295,0.5316,2,GASKET WOUND MM SPIRAL 80 CL150,SPIRAL WOUND GASKET 80MM CL150
1021,1024,0.5871,0.4295,0.5316,2,GASKET WOUND MM SPIRAL 80 CL150,SPIRAL WOUND GASKET 80MM CL150
1021,1013,0.587,0.4313,0.5276,2,GASKET WOUND MM SPIRAL 80 CL150,SPIRAL WOUND GASKET 150MM CL150
1210,272,0.5869,0.3749,0.6211,2,PTFE GSKET CL300,PTFE GASKET 25MM CL300
1210,271,0.5869,0.3749,0.6211,2,PTFE GSKET CL300,PTFE GASKET 25MM CL300
1207,1210,0.5864,0.3793,0.6103,2,PTFE GASKET 100MM CL300,PTFE GSKET CL300
1021,434,0.5863,0.4264,0.5316,2,GASKET WOUND MM SPIRAL 80 CL150,SPIRAL WOUND GASKET 25MM CL150
1213,1215,0.5859,0.3795,0.6067,2,GEAR PUMP STAINLESS STEEEL,GEAR 1HP STAINLESS STEEL
497,760,0.5859,0.4378,0.5096,2,PTFE GASKET 150 MM CL150,RIG JOINT GASKET 150MM CL150
600,104,0.5858,0.4046,0.5643,2,RNIG JOINT GASKET 100MM CL150,SPIRAL WOUND GASKET 100MM CL150
423,286,0.5851,0.4531,0.4786,2,ROLLER 30210 ZZ,BEARING 30210 ROLLER
65,333,0.5849,0.3608,0.6316,2,CNT PUMP 2HP STAINLESS STEEL,2HP STEEL PUMP GEAR STAINLESS
855,856,0.5845,0.3263,0.6864,2,SUBMERISBLE PUMP CAST IRON,SUBERSIBLE PUMP 2HP CAST IRON
228,880,0.5842,0.3908,0.5769,2,TAPER ROLLER BEARING 6003 2RS,2RS ROLLER BEARIG TAPER
104,1021,0.5841,0.4297,0.5115,2,SPIRAL WOUND GASKET 100MM CL150,GASKET WOUND MM SPIRAL 80 CL150
880,543,0.584,0.39,0.5769,2,2RS ROLLER BEARIG TAPER,TAPER ROLLER BEARING 6206 2RS
880,541,0.584,0.39,0.5769,2,2RS ROLLER BEARIG TAPER,TAPER ROLLER BEARING 6206 2RS
880,539,0.584,0.39,0.5769,2,2RS ROLLER BEARIG TAPER,TAPER ROLLER BEARING 6206 2RS
28,61,0.5837,0.4242,0.5174,2,TAPER ROLLER 6305 2RS,6305 ROLLER BEARING TAPER
65,958,0.5833,0.355,0.6302,2,CNT PUMP 2HP STAINLESS STEEL,2HP SUBMERSIBLE STAINLESS STEEL PUMP
106,1021,0.5833,0.3778,0.5922,2,100MM GASKET CL150 WOUND SPIRAL,GASKET WOUND MM SPIRAL 80 CL150
753,751,0.5831,0.34,0.6541,2,PUMP SCREW CRBON 5HP STEEL,SCREW PUMP 5HP CARBON STEEL
753,752,0.5831,0.34,0.6541,2,PUMP SCREW CRBON 5HP STEEL,SCREW PUMP 5HP CARBON STEEL
372,373,0.5828,0.3988,0.5541,2,ZINC NUT 10.9 PLATED HEXAGON GRADE,HEXAGON NUT M6 GRADE ZINC PLATED
880,877,0.5826,0.3879,0.5708,2,2RS ROLLER BEARIG TAPER,TAPER ROLLER BEARING 22210 2RS
880,876,0.5826,0.3879,0.5708,2,2RS ROLLER BEARIG TAPER,TAPER ROLLER BEARING 22210 2RS
880,99,0.5826,0.3844,0.5769,2,2RS ROLLER BEARIG TAPER,TAPER ROLLER BEARING 6307 2RS
429,428,0.5822,0.3935,0.5591,2,STUD BOLT GRADE 8.8 BLACK,STUD BOLT 8.8 GRADE M24 X 50MM
90,883,0.5822,0.38,0.5815,2,SUBMERSIBLE UMP 15HP CAST IRON,SUBMERSSIBLE PUMP CAST IRON
1036,540,0.5822,0.3977,0.5519,2,TAPER ROLLER BEARING 6206,2RS RLLER 6206 BEARING TAPER
880,100,0.5818,0.3581,0.6154,2,2RS ROLLER BEARIG TAPER,ROLLER BEARING 2RS TAPER 6307
33,61,0.5816,0.384,0.5708,2,TAER ROLLER BEARING 6305 2RS,6305 ROLLER BEARING TAPER
1021,439,0.5816,0.3779,0.5808,2,GASKET WOUND MM SPIRAL 80 CL150,WOUND SPIRAL CL150 GASKET 25MM
1064,612,0.5815,0.4369,0.4819,2,SEAMLESS PIPE 50MM CARBON STEEL,SCH20 CARBON STEEL 15 SEAMLESS PIPE MM
1117,1122,0.5815,0.4461,0.4667,2,2RS ROLLER BEARING SPHERICAL,SPHERICAL ROLLER 22210 2RS
436,1021,0.5814,0.4264,0.4988,2,SPIRAL WOUND GASKET 25MM CL150,GASKET WOUND MM SPIRAL 80 CL150
435,1021,0.5814,0.4264,0.4988,2,SPIRAL WOUND GASKET 25MM CL150,GASKET WOUND MM SPIRAL 80 CL150
875,703,0.5814,0.3845,0.5682,2,PTFE GASKET 50MM PN16,MM PTFE PN16 GASKET 150
768,771,0.581,0.4301,0.4895,2,6204 2RS BALL BEARING,BALL BEARIGN 6204
698,681,0.5809,0.3511,0.621,2,CARBON STEEL PUMP CENTRIFUGAL,CARBON STEEL CETRIFUGAL 10HP PUMP
1021,1012,0.5808,0.3805,0.5714,2,GASKET WOUND MM SPIRAL 80 CL150,SPIRAL WOUND 150 MM CL150
59,61,0.5806,0.3799,0.5708,2,TAPER ROLLER BRRNG 6305,6305 ROLLER BEARING TAPER
298,1079,0.5805,0.347,0.625,2,ZZ BEARING BALL,BALL BEARING 51110 ZZ
298,1077,0.5805,0.347,0.625,2,ZZ BEARING BALL,BALL BEARING 51110 ZZ
907,703,0.5805,0.3949,0.5455,2,PTFE GASKET 25MM PN16,MM PTFE PN16 GASKET 150
761,1013,0.5802,0.4123,0.5139,2,RNG GASKET 150 MM CL150,SPIRAL WOUND GASKET 150MM CL150
41,684,0.58,0.3087,0.6852,2,GEAAR PUMP 10HP CARBON STEEL,10HP PUMP CNT CARBON STEEL
445,73,0.5797,0.3515,0.6118,2,2RS BEARING 51110 BALL,BALL BEARING 2RS
1158,940,0.5794,0.3427,0.625,2,ROLLER BEARING 6305 2RS,ROLER BEARING 2RS
940,1160,0.5794,0.3427,0.625,2,ROLER BEARING 2RS,ROLLER BEARING 6305 2RS
940,1156,0.5794,0.3427,0.625,2,ROLER BEARING 2RS,ROLLER BEARING 6305 2RS
940,1159,0.5794,0.3427,0.625,2,ROLER BEARING 2RS,ROLLER BEARING 6305 2RS
337,336,0.5793,0.3944,0.5381,2,GEAR 2HP PUMP STAINLESS STEEL,GEAR PUMP 2HP
686,684,0.5793,0.3838,0.5556,2,CARBON STEEL CEENT 10HP PUMP,10HP PUMP CNT CARBON STEEL
1117,551,0.5788,0.3882,0.5451,2,2RS ROLLER BEARING SPHERICAL,SPHERICLA ROLLER BEARING 6003 2RS
682,684,0.5787,0.3247,0.65,2,CENTRIFUGAL PUMP 10HP CARBON STEEL,10HP PUMP CNT CARBON STEEL
684,683,0.5787,0.3247,0.65,2,10HP PUMP CNT CARBON STEEL,CENTRIFUGAL PUMP 10HP CARBON STEEL
135,1211,0.5787,0.3642,0.5846,2,PTFE GASKET 100MM CL150,PTFE GSSKT 100MM
133,1211,0.5787,0.3642,0.5846,2,PTFE GASKET 100MM CL150,PTFE GSSKT 100MM
134,1211,0.5787,0.3642,0.5846,2,PTFE GASKET 100MM CL150,PTFE GSSKT 100MM
1207,1211,0.5786,0.3636,0.5846,2,PTFE GASKET 100MM CL300,PTFE GSSKT 100MM
1211,17,0.5778,0.3543,0.5947,2,PTFE GSSKT 100MM,PTFE GASKET 100MM PN16
1011,761,0.577,0.3953,0.5212,2,PIRAL WOUND GASKET 150MM CL150,RNG GASKET 150 MM CL150
761,760,0.5767,0.3848,0.5368,2,RNG GASKET 150 MM CL150,RIG JOINT GASKET 150MM CL150
91,883,0.5762,0.4099,0.4914,2,PUMP CAST 15HP SUBMERSIBLE IRON,SUBMERSSIBLE PUMP CAST IRON
773,1021,0.5755,0.3928,0.5152,2,50MM CL150 WOUND GASKET SPIRAL,GASKET WOUND MM SPIRAL 80 CL150
300,252,0.5753,0.3623,0.5651,2,GGEAR PUMP CAST IRON,GEAR PUMP 10HP CCAST IRON
165,721,0.5752,0.226,0.4578,3,CABLE MM 3.3KV SQ COPPER 4C X 50 PVC UNAMRD,CABLE SQMM COPPER PVC ARMOURED 3.3KV
313,551,0.5752,0.3671,0.5565,2,SPHERICAL 6003 BEARING ROLLER,SPHERICLA ROLLER BEARING 6003 2RS
232,1161,0.5752,0.3259,0.625,2,ROLLER BEARING 2RS,ROLLR BEARING 6305 2RS
142,144,0.575,0.3969,0.5051,2,GEAR PUMP 1HP,PUMP CARBON STEEL GEAR 1HP
940,478,0.575,0.3249,0.625,2,ROLER BEARING 2RS,ROLLER BEARING 6003 2RS
754,296,0.5748,0.4077,0.4857,2,BEARING 6307 2RS ROLLER,RLOLER BEARING 6307
1210,669,0.5747,0.3525,0.5769,2,PTFE GSKET CL300,PTFE GASKET 80 MM CL300
651,194,0.5746,0.2745,0.3729,3,CABLE 2C X 10 SQMM X LPE UNARM 1.1KV,1.1KV COPPER UNARMD PVC CABLE SQMM 2C X 1.5
882,855,0.5737,0.3409,0.5897,2,SUBMERSIBLE 10HP CAST IRON,SUBMERISBLE PUMP CAST IRON
940,755,0.5733,0.318,0.625,2,ROLER BEARING 2RS,ROLLER BEARING 6307 2RS
301,146,0.5732,0.4042,0.4813,2,UPMP 1HP GEAR,GEAR PUMP 1HP STEEL
938,940,0.5727,0.3219,0.6146,2,ROLLER BEARING 30205 2RS,ROLER BEARING 2RS
940,941,0.5727,0.3219,0.6146,2,ROLER BEARING 2RS,ROLLER BEARING 30205 2RS
940,939,0.5727,0.3219,0.6146,2,ROLER BEARING 2RS,ROLLER BEARING 30205 2RS
300,303,0.5726,0.3451,0.5756,2,GGEAR PUMP CAST IRON,GEAR CAST IRON PUMP 1HP
860,91,0.5723,0.3335,0.5926,2,GAR PUMP 15HP CAST IRON,PUMP CAST 15HP SUBMERSIBLE IRON
874,708,0.5722,0.4023,0.4778,2,PN16 GASKET PPTFE 50,PTFE GASKET PN16
1011,438,0.5721,0.3911,0.4954,2,PIRAL WOUND GASKET 150MM CL150,SPIRAL WOUND MM 25 CL150
328,336,0.5719,0.3844,0.5051,2,CARBON STEEL 2HP PUMP GEAR,GEAR PUMP 2HP
59,33,0.5719,0.3548,0.5546,2,TAPER ROLLER BRRNG 6305,TAER ROLLER BEARING 6305 2RS
940,230,0.5716,0.3176,0.6146,2,ROLER BEARING 2RS,ROLLER BEARING 30210 2RS
686,40,0.5715,0.3553,0.5515,2,CARBON STEEL CEENT 10HP PUMP,GEAR PUMP 10HP CARBON STEEL
681,684,0.5715,0.3638,0.5367,2,CARBON STEEL CETRIFUGAL 10HP PUMP,10HP PUMP CNT CARBON STEEL
449,453,0.5712,0.3684,0.5273,2,STAINLESS GEAR 10HP PUMP,GEAR PUMP 10HP STEEL
756,1210,0.571,0.3277,0.5938,2,PTFE 150MM CL300,PTFE GSKET CL300
1210,757,0.571,0.3277,0.5938,2,PTFE GSKET CL300,PTFE 150MM CL300
20,269,0.5707,0.2378,0.4085,3,CABLE 1C X 25 SQMM COPPER X LPE UNARMD 1.1KV,SQ COPPER CABLE XLPE 1.1KV MM 1C X 4 UNAMRD
269,18,0.5707,0.2378,0.4085,3,SQ COPPER CABLE XLPE 1.1KV MM 1C X 4 UNAMRD,CABLE 1C X 25 SQMM COPPER X LPE UNARMD 1.1KV
1255,1253,0.5707,0.3117,0.6182,2,PFTE GASKET 80MM CL150,80MM GASKET PTFE CL150
368,1035,0.5703,0.3645,0.5278,2,TAPER ROLLER BEARING 6206 ZZ,ROLLER 6206 BEARING TAAPER
1035,370,0.5703,0.3645,0.5278,2,ROLLER 6206 BEARING TAAPER,TAPER ROLLER BEARING 6206 ZZ
1035,369,0.5703,0.3645,0.5278,2,ROLLER 6206 BEARING TAAPER,TAPER ROLLER BEARING 6206 ZZ
1035,367,0.5703,0.3645,0.5278,2,ROLLER 6206 BEARING TAAPER,TAPER ROLLER BEARING 6206 ZZ
667,1210,0.57,0.3137,0.6103,2,PTFE GGASKET 80MM CL300,PTFE GSKET CL300
884,855,0.5691,0.3159,0.6009,2,10HP SUBMERSIBLE CAST IRON PUMP,SUBMERISBLE PUMP CAST IRON
761,1012,0.5688,0.359,0.5268,2,RNG GASKET 150 MM CL150,SPIRAL WOUND 150 MM CL150
543,1035,0.5686,0.3498,0.5409,2,TAPER ROLLER BEARING 6206 2RS,ROLLER 6206 BEARING TAAPER
1035,541,0.5686,0.3498,0.5409,2,ROLLER 6206 BEARING TAAPER,TAPER ROLLER BEARING 6206 2RS
1035,539,0.5686,0.3498,0.5409,2,ROLLER 6206 BEARING TAAPER,TAPER ROLLER BEARING 6206 2RS
338,336,0.5683,0.4076,0.4429,2,2HP PUMP STAINLESS STEEL GEAR,GEAR PUMP 2HP
753,169,0.5681,0.3892,0.4722,2,PUMP SCREW CRBON 5HP STEEL,CAST 5HP PUMP SCREW
1213,452,0.5676,0.3276,0.5714,2,GEAR PUMP STAINLESS STEEEL,GEAR PMUP 10HP STAINLESS STEEL
497,1252,0.5665,0.3958,0.45,2,PTFE GASKET 150 MM CL150,MM CL150 80 PTFE
1021,437,0.5662,0.3585,0.5106,2,GASKET WOUND MM SPIRAL 80 CL150,SPIRAL WOUND 25MM CL150
874,703,0.5661,0.3833,0.4684,2,PN16 GASKET PPTFE 50,MM PTFE PN16 GASKET 150
163,394,0.5659,0.2784,0.3084,3,SQMM 3.3KV UNARMOURED COPPRE CABLE 4C X 50 PVC,CABLE SQMM COPPER PVC UNARM 3.3KV
39,686,0.5658,0.342,0.5357,2,STTEEL CARBON GEAR 10HP PUMP,CARBON STEEL CEENT 10HP PUMP
883,885,0.5657,0.4383,0.3742,2,SUBMERSSIBLE PUMP CAST IRON,10HP CAST IRON SUBMERSIBLE
853,883,0.5654,0.3222,0.5658,2,SUBMERSIBLE IRON CAST 2HP PUMP,SUBMERSSIBLE PUMP CAST IRON
880,540,0.5652,0.3162,0.5742,2,2RS ROLLER BEARIG TAPER,2RS RLLER 6206 BEARING TAPER
498,760,0.565,0.3336,0.5441,2,150MM PTFE GASKET CL150,RIG JOINT GASKET 150MM CL150
333,336,0.5649,0.3795,0.4667,2,2HP STEEL PUMP GEAR STAINLESS,GEAR PUMP 2HP
557,559,0.5647,0.3193,0.5661,2,SEAMLESS PIPE 15MM SCH40 IRON,MM SEAMLESS 15 SCH40 PIPE
561,559,0.5645,0.4183,0.3996,2,SCH40 PIPE 150MM SEAMLESS GALVANIZED RION,MM SEAMLESS 15 SCH40 PIPE
118,1252,0.5642,0.3514,0.5088,2,50MM GASKET CL150 PTFE,MM CL150 80 PTFE
978,965,0.5641,0.3793,0.462,2,ALLEN BOLT MM GRDE 10.9 BLACK,HEXAGON M16 GRADE 10.9 BLACK
505,879,0.5632,0.3772,0.4592,2,TAPEER BEARING 22210,TAPER ROLLER BARING 22210 2RS
163,397,0.563,0.226,0.3769,3,SQMM 3.3KV UNARMOURED COPPRE CABLE 4C X 50 PVC,SQMM CABLE ALUMINIUM 3.3KV PVC UNARM
594,559,0.561,0.3266,0.5291,2,SEAMLESS PIPE 80MM SCH40 IRON,MM SEAMLESS 15 SCH40 PIPE
626,1125,0.5607,0.3338,0.5152,2,SPRIING M16 GRADE 4.6 ZINC PLATED,HEXAGON BOLT M16 X 20MM GRADE 4.6 ZNIC PLATED
105,1021,0.5606,0.3609,0.4688,2,SPIRAL WOUND 100MM CL150,GASKET WOUND MM SPIRAL 80 CL150
630,1161,0.5604,0.3315,0.5171,2,ROLLER 6305 BEARING,ROLLR BEARING 6305 2RS
1213,333,0.56,0.3153,0.5409,2,GEAR PUMP STAINLESS STEEEL,2HP STEEL PUMP GEAR STAINLESS
880,28,0.5597,0.3224,0.5273,2,2RS ROLLER BEARIG TAPER,TAPER ROLLER 6305 2RS
1042,394,0.5593,0.2541,0.3054,3,UNARMD *LPE 1C X 50 3.3KV CABLE COPPER,CABLE SQMM COPPER PVC UNARM 3.3KV
562,1063,0.5593,0.3247,0.5208,2,SEAMLESS PIPE SCH40 GALVANIZED IRON,SEAMLESS PIPE 50MM SCH40 CAROBN STEEL
1210,273,0.5592,0.3433,0.4895,2,PTFE GSKET CL300,CL300 PTFE GASKET 25MM
300,1105,0.5591,0.3106,0.5429,2,GGEAR PUMP CAST IRON,GEAR PMUP 7.5HP CAST IRON
682,686,0.5587,0.3187,0.5269,2,CENTRIFUGAL PUMP 10HP CARBON STEEL,CARBON STEEL CEENT 10HP PUMP
686,683,0.5587,0.3187,0.5269,2,CARBON STEEL CEENT 10HP PUMP,CENTRIFUGAL PUMP 10HP CARBON STEEL
1021,1022,0.5586,0.3745,0.4333,2,GASKET WOUND MM SPIRAL 80 CL150,SPIRAL CL150 80MM WOUND GASKET
990,883,0.5585,0.3924,0.4025,2,CAST IRON 7.5HP PUMP SUBMERSIBLE,SUBMERSSIBLE PUMP CAST IRON
90,855,0.5585,0.291,0.5714,2,SUBMERSIBLE UMP 15HP CAST IRON,SUBMERISBLE PUMP CAST IRON
942,1161,0.5583,0.3182,0.525,2,2RS ROLLER BEARING,ROLLR BEARING 6305 2RS
1021,774,0.5582,0.3278,0.5081,2,GASKET WOUND MM SPIRAL 80 CL150,SPIRAL WOUND AGSKET 50 MM CL150
335,1213,0.558,0.3184,0.5227,2,STAINLESS PUMP 2HP STEEL GEAR,GEAR PUMP STAINLESS STEEEL
1095,795,0.5579,0.2761,0.5922,2,SCRREW 15HP CARBON STEEL,SCREW PUMP CARBON STEEL
873,843,0.5572,0.3737,0.425,2,30205 ZZ BEARING BALL,BALL BEARIING 30205
302,301,0.5568,0.3607,0.4444,2,GEAR PUMP 1HP CAST IRON,UPMP 1HP GEAR
299,301,0.5568,0.3607,0.4444,2,GEAR PUMP 1HP CAST IRON,UPMP 1HP GEAR
301,143,0.5568,0.3733,0.4231,2,UPMP 1HP GEAR,GEAR PUMP 1HP CARBON STEEL
301,304,0.5568,0.3607,0.4444,2,UPMP 1HP GEAR,GEAR PUMP 1HP CAST IRON
301,145,0.5568,0.3733,0.4231,2,UPMP 1HP GEAR,GEAR PUMP 1HP CARBON STEEL
1021,1014,0.5568,0.3378,0.4821,2,GASKET WOUND MM SPIRAL 80 CL150,SPIRAL GASKET 150MM CL150
730,1218,0.5562,0.3247,0.5,2,GASKET SPIRAL WOUND PN16 25MM,SPIRAL WUND GASKET 100 PN16
1022,438,0.5559,0.3505,0.455,2,SPIRAL CL150 80MM WOUND GASKET,SPIRAL WOUND MM 25 CL150
477,1063,0.5552,0.2885,0.5537,2,SEAMLESS PIPE MM STAINLESS 316 SCH40 80 STEEL,SEAMLESS PIPE 50MM SCH40 CAROBN STEEL
91,855,0.555,0.3227,0.4956,2,PUMP CAST 15HP SUBMERSIBLE IRON,SUBMERISBLE PUMP CAST IRON
94,559,0.5548,0.3819,0.3952,2,304 PIPE SCH40 SEAMLESS 150MM STAINLESS STEEL,MM SEAMLESS 15 SCH40 PIPE
684,685,0.5546,0.2484,0.6167,2,10HP PUMP CNT CARBON STEEL,CENTRIFUGAL 10HP CARBON PUMP STEEL
142,1215,0.5544,0.3678,0.4162,2,GEAR PUMP 1HP,GEAR 1HP STAINLESS STEEL
41,686,0.5543,0.2888,0.5476,2,GEAAR PUMP 10HP CARBON STEEL,CARBON STEEL CEENT 10HP PUMP
421,423,0.5543,0.2795,0.5625,2,ROLLER BEARING ZZ,ROLLER 30210 ZZ
423,341,0.5543,0.2795,0.5625,2,ROLLER 30210 ZZ,ROLLER BEARING ZZ
880,879,0.5542,0.282,0.5577,2,2RS ROLLER BEARIG TAPER,TAPER ROLLER BARING 22210 2RS
764,763,0.5539,0.2682,0.5788,2,HE X BOLT M12 X GRADE 4.6 BLACK,HEXAGON BOTL M12 X 20MM GRADE BLACK
1035,371,0.5539,0.31,0.5093,2,ROLLER 6206 BEARING TAAPER,TAPER ZZ 6206 ROLLER BEARING
439,438,0.5539,0.3537,0.4365,2,WOUND SPIRAL CL150 GASKET 25MM,SPIRAL WOUND MM 25 CL150
475,559,0.5535,0.3327,0.4688,2,SEAMLESS PIPE SCH40 STAINLESS STEEL 316,MM SEAMLESS 15 SCH40 PIPE
1062,559,0.5534,0.3268,0.4778,2,SEAMLESS PIPE 50MM SCH40 CARBON STEEL,MM SEAMLESS 15 SCH40 PIPE
1065,559,0.5534,0.3268,0.4778,2,SEAMLESS PIPE 50MM SCH40 CARBON STEEL,MM SEAMLESS 15 SCH40 PIPE
600,107,0.5531,0.3394,0.4554,2,RNIG JOINT GASKET 100MM CL150,SPIRAL WOUND GASKET 100 MM CL150
1254,1252,0.553,0.3419,0.45,2,PTTFE GASKET 80 MM CL150,MM CL150 80 PTFE
300,861,0.5529,0.2962,0.5256,2,GGEAR PUMP CAST IRON,15HP GEAR CAST IRON
95,559,0.5519,0.3076,0.5,2,SEAMLESS PIPE 150MM SCH40 STAINLESS 304,MM SEAMLESS 15 SCH40 PIPE
940,1161,0.5519,0.2415,0.6103,2,ROLER BEARING 2RS,ROLLR BEARING 6305 2RS
773,438,0.5518,0.3677,0.3995,2,50MM CL150 WOUND GASKET SPIRAL,SPIRAL WOUND MM 25 CL150
1043,394,0.5515,0.2197,0.3105,3,UNARMOURED 1C MM CABLE 50 3.3KV COPPER SQ LPE X X,CABLE SQMM COPPER PVC UNARM 3.3KV
1097,559,0.5515,0.3289,0.4617,2,SEAMLESS PIPE 80MM SCH40 CARBON STEEL,MM SEAMLESS 15 SCH40 PIPE
1098,559,0.5515,0.3289,0.4617,2,SEAMLESS PIPE 80MM SCH40 CARBON STEEL,MM SEAMLESS 15 SCH40 PIPE
596,600,0.5509,0.2887,0.5246,2,OJINT RING 100MM CL150 GASKET,RNIG JOINT GASKET 100MM CL150
1209,1210,0.5507,0.329,0.4564,2,CL300 100MM PTFE GASKET,PTFE GSKET CL300
1021,1011,0.5506,0.3425,0.4334,2,GASKET WOUND MM SPIRAL 80 CL150,PIRAL WOUND GASKET 150MM CL150
562,559,0.5505,0.2934,0.5143,2,SEAMLESS PIPE SCH40 GALVANIZED IRON,MM SEAMLESS 15 SCH40 PIPE
125,356,0.5501,0.2599,0.5677,2,STAINLESS 5HP STEEL PUMP SCREEW,CENTTRIF 5HP PUMP STAINLESS STEEL
449,1213,0.5499,0.2877,0.52,2,STAINLESS GEAR 10HP PUMP,GEAR PUMP STAINLESS STEEEL
753,125,0.5497,0.3438,0.4248,2,PUMP SCREW CRBON 5HP STEEL,STAINLESS 5HP STEEL PUMP SCREEW
1210,275,0.5497,0.3049,0.4895,2,PTFE GSKET CL300,GASKET 25MM CL300 PTFE
940,943,0.5496,0.3082,0.4833,2,ROLER BEARING 2RS,ROLLER EARING 2RS 30205
708,706,0.5494,0.2667,0.5513,2,PTFE GASKET PN16,150 PTFE MM GASKTE PN16
301,1214,0.5493,0.3687,0.381,2,UPMP 1HP GEAR,GEAR PUMP 1HP STAINLESS STEEL
301,1216,0.5493,0.3687,0.381,2,UPMP 1HP GEAR,GEAR PUMP 1HP STAINLESS STEEL
301,1212,0.5493,0.3687,0.381,2,UPMP 1HP GEAR,GEAR PUMP 1HP STAINLESS STEEL
942,943,0.5493,0.2869,0.5171,2,2RS ROLLER BEARING,ROLLER EARING 2RS 30205
106,438,0.5478,0.3537,0.3961,2,100MM GASKET CL150 WOUND SPIRAL,SPIRAL WOUND MM 25 CL150
492,1213,0.5472,0.2809,0.5132,2,PUMP 7.5HP GEAR STEEL STAINLESS,GEAR PUMP STAINLESS STEEEL
783,559,0.5466,0.3438,0.4043,2,316 100MM SEAMLESS SCH40 PPE STAINLESS STEEL,MM SEAMLESS 15 SCH40 PIPE
1252,501,0.5454,0.3585,0.3718,2,MM CL150 80 PTFE,PTFE GASKET 150MM CL150
1252,500,0.5454,0.3585,0.3718,2,MM CL150 80 PTFE,PTFE GASKET 150MM CL150
1252,499,0.5454,0.3585,0.3718,2,MM CL150 80 PTFE,PTFE GASKET 150MM CL150
453,39,0.5453,0.3063,0.4583,2,GEAR PUMP 10HP STEEL,STTEEL CARBON GEAR 10HP PUMP
564,559,0.5447,0.2845,0.4905,2,SEAMLESS PIPE 150MM SCH40 GALVANIZED IRON,MM SEAMLESS 15 SCH40 PIPE
782,559,0.5446,0.3157,0.4381,2,SEAMLESS PIPE 100MM SCH40 STAINLESS STEEL 316,MM SEAMLESS 15 SCH40 PIPE
781,559,0.5446,0.3157,0.4381,2,SEAMLESS PIPE 100MM SCH40 STAINLESS STEEL 316,MM SEAMLESS 15 SCH40 PIPE
1210,1208,0.5446,0.2276,0.5846,2,PTFE GSKET CL300,PTFE SOCKET 100MM CL300
556,559,0.5443,0.2803,0.4952,2,SEAMLESS PIPE 15MM SCH40 GALVANIZED IRON,MM SEAMLESS 15 SCH40 PIPE
555,559,0.5443,0.2803,0.4952,2,SEAMLESS PIPE 15MM SCH40 GALVANIZED IRON,MM SEAMLESS 15 SCH40 PIPE
474,559,0.5442,0.3203,0.4275,2,SEAMLESS PIPE 80MM SCH40 STAINLESS STEEL 316,MM SEAMLESS 15 SCH40 PIPE
473,559,0.5442,0.3203,0.4275,2,SEAMLESS PIPE 80MM SCH40 STAINLESS STEEL 316,MM SEAMLESS 15 SCH40 PIPE
476,559,0.5442,0.3203,0.4275,2,SEAMLESS PIPE 80MM SCH40 STAINLESS STEEL 316,MM SEAMLESS 15 SCH40 PIPE
472,559,0.5442,0.3203,0.4275,2,SEAMLESS PIPE 80MM SCH40 STAINLESS STEEL 316,MM SEAMLESS 15 SCH40 PIPE
135,1252,0.5439,0.3527,0.3718,2,PTFE GASKET 100MM CL150,MM CL150 80 PTFE
133,1252,0.5439,0.3527,0.3718,2,PTFE GASKET 100MM CL150,MM CL150 80 PTFE
1252,134,0.5439,0.3527,0.3718,2,MM CL150 80 PTFE,PTFE GASKET 100MM CL150
287,1252,0.5437,0.3487,0.3772,2,PTFE GASKET 25MM CL150,MM CL150 80 PTFE
1252,288,0.5437,0.3487,0.3772,2,MM CL150 80 PTFE,PTFE GASKET 25MM CL150
1208,1211,0.5436,0.2389,0.559,2,PTFE SOCKET 100MM CL300,PTFE GSSKT 100MM
853,855,0.5431,0.2401,0.5536,2,SUBMERSIBLE IRON CAST 2HP PUMP,SUBMERISBLE PUMP CAST IRON
477,559,0.5422,0.2812,0.4794,2,SEAMLESS PIPE MM STAINLESS 316 SCH40 80 STEEL,MM SEAMLESS 15 SCH40 PIPE
1014,438,0.5417,0.2853,0.4694,2,SPIRAL GASKET 150MM CL150,SPIRAL WOUND MM 25 CL150
117,1252,0.5415,0.3396,0.3772,2,PTFE GASKET 50MM CL150,MM CL150 80 PTFE
704,874,0.5407,0.3056,0.4286,2,PTFE GASKET 150MM PN16,PN16 GASKET PPTFE 50
874,705,0.5407,0.3056,0.4286,2,PN16 GASKET PPTFE 50,PTFE GASKET 150MM PN16
686,685,0.5404,0.2454,0.5269,2,CARBON STEEL CEENT 10HP PUMP,CENTRIFUGAL 10HP CARBON PUMP STEEL
885,855,0.5403,0.3343,0.3782,2,10HP CAST IRON SUBMERSIBLE,SUBMERISBLE PUMP CAST IRON
753,168,0.5399,0.2752,0.4743,2,PUMP SCREW CRBON 5HP STEEL,SCREW PUMP 5HP CAST IRON
1096,559,0.5397,0.2819,0.4617,2,PIPE SEAMLESS SCH40 CARBON STEEL 80MM,MM SEAMLESS 15 SCH40 PIPE
671,39,0.5397,0.2888,0.45,2,GEAR PUMP CARBON STEEL,STTEEL CARBON GEAR 10HP PUMP
39,624,0.5397,0.2888,0.45,2,STTEEL CARBON GEAR 10HP PUMP,GEAR PUMP CARBON STEEL
874,875,0.5393,0.2961,0.435,2,PN16 GASKET PPTFE 50,PTFE GASKET 50MM PN16
560,559,0.5387,0.3315,0.3721,2,GALVANIZED SCH40 IRON PIPE SEAMLESS 15MM,MM SEAMLESS 15 SCH40 PIPE
498,761,0.5383,0.298,0.4255,2,150MM PTFE GASKET CL150,RNG GASKET 150 MM CL150
1252,119,0.5383,0.3241,0.3818,2,MM CL150 80 PTFE,PTFE GASKET CL150
387,559,0.5378,0.3372,0.3567,2,GALVANIZED IRON PIPE SCH40 25MM SEAMLESS,MM SEAMLESS 15 SCH40 PIPE
880,225,0.5378,0.3045,0.4111,2,2RS ROLLER BEARIG TAPER,TAPER BEARING 6003 2RS
907,874,0.5376,0.3041,0.4106,2,PTFE GASKET 25MM PN16,PN16 GASKET PPTFE 50
874,17,0.5374,0.3068,0.4048,2,PN16 GASKET PPTFE 50,PTFE GASKET 100MM PN16
990,855,0.5367,0.3037,0.4052,2,CAST IRON 7.5HP PUMP SUBMERSIBLE,SUBMERISBLE PUMP CAST IRON
880,878,0.5363,0.3017,0.4058,2,2RS ROLLER BEARIG TAPER,TAPER BEARING 22210 2RS
1066,559,0.536,0.2793,0.4408,2,SEAMLESS 50MM SCH40 CARBON STEEL,MM SEAMLESS 15 SCH40 PIPE
1063,559,0.5359,0.257,0.4778,2,SEAMLESS PIPE 50MM SCH40 CAROBN STEEL,MM SEAMLESS 15 SCH40 PIPE
704,706,0.5357,0.257,0.4762,2,PTFE GASKET 150MM PN16,150 PTFE MM GASKTE PN16
705,706,0.5357,0.257,0.4762,2,PTFE GASKET 150MM PN16,150 PTFE MM GASKTE PN16
39,684,0.535,0.3115,0.381,2,STTEEL CARBON GEAR 10HP PUMP,10HP PUMP CNT CARBON STEEL
907,706,0.5344,0.2474,0.4838,2,PTFE GASKET 25MM PN16,150 PTFE MM GASKTE PN16
706,17,0.5339,0.2497,0.4762,2,150 PTFE MM GASKTE PN16,PTFE GASKET 100MM PN16
301,303,0.5329,0.3151,0.3611,2,UPMP 1HP GEAR,GEAR CAST IRON PUMP 1HP
706,875,0.5328,0.2409,0.4838,2,150 PTFE MM GASKTE PN16,PTFE GASKET 50MM PN16
1252,289,0.5325,0.2563,0.4561,2,MM CL150 80 PTFE,CL150 25MM GASKET PTFE
940,1157,0.5321,0.2132,0.525,2,ROLER BEARING 2RS,ROLLER 2RS 6305 BEARING
1115,1114,0.5319,0.2945,0.3889,2,WASHER GALVD 316 STEL SPRING STAINLESS,SPRING WASHER M6 STAINLESS STEEL GALVANIZED
880,227,0.5319,0.2536,0.4566,2,2RS ROLLER BEARIG TAPER,TAPER ROLLR BEARING 6003 2RS
880,542,0.5318,0.2531,0.4566,2,2RS ROLLER BEARIG TAPER,TAPER ROLLR BEARING 6206 2RS
880,33,0.5315,0.2404,0.4762,2,2RS ROLLER BEARIG TAPER,TAER ROLLER BEARING 6305 2RS
940,479,0.5315,0.2109,0.525,2,ROLER BEARING 2RS,ROLLER 2RS 6003 BEARING
388,559,0.5308,0.2479,0.459,2,SEAMLESS PIE 25 MM SCH40 GALVANIZED IRON,MM SEAMLESS 15 SCH40 PIPE
366,1035,0.5288,0.266,0.4156,2,TAPER ROLLEER BEARING 6206 ZZ,ROLLER 6206 BEARING TAAPER
754,940,0.5287,0.2299,0.475,2,BEARING 6307 2RS ROLLER,ROLER BEARING 2RS
231,940,0.5277,0.2297,0.4683,2,BEARING 30210 2RS ROLLER,ROLER BEARING 2RS
784,559,0.5274,0.2555,0.4238,2,SCH40 SEAMLESS STAINLESS STEEL 100MM 316 PIPE,MM SEAMLESS 15 SCH40 PIPE
542,1035,0.5264,0.2532,0.4206,2,TAPER ROLLR BEARING 6206 2RS,ROLLER 6206 BEARING TAAPER
106,600,0.5261,0.2456,0.431,2,100MM GASKET CL150 WOUND SPIRAL,RNIG JOINT GASKET 100MM CL150
498,1252,0.526,0.281,0.3718,2,150MM PTFE GASKET CL150,MM CL150 80 PTFE
116,1252,0.5257,0.2767,0.3772,2,50MM PTFE GASKET CL150,MM CL150 80 PTFE
1034,559,0.5256,0.2633,0.3986,2,SCH40 25MM 316 STAINLESS STEEL SEAMLESS PIPE,MM SEAMLESS 15 SCH40 PIPE
1255,1022,0.5243,0.2549,0.4038,2,PFTE GASKET 80MM CL150,SPIRAL CL150 80MM WOUND GASKET
169,850,0.5228,0.2109,0.4674,2,CAST 5HP PUMP SCREW,CENTTRIF PUMP 5HP CAST IRON
558,559,0.5221,0.2376,0.4183,2,SCH40 SEAMLESS GALVANIZED PIPE 15MM IRON,MM SEAMLESS 15 SCH40 PIPE
1209,1211,0.5215,0.2736,0.3538,2,CL300 100MM PTFE GASKET,PTFE GSSKT 100MM
1252,1253,0.5214,0.2591,0.3772,2,MM CL150 80 PTFE,80MM GASKET PTFE CL150
274,1210,0.5207,0.2839,0.3316,2,CL300 25MM GASKET PTFE,PTFE GSKET CL300
301,1215,0.5204,0.2644,0.3622,2,UPMP 1HP GEAR,GEAR 1HP STAINLESS STEEL
761,758,0.5204,0.2253,0.4269,2,RNG GASKET 150 MM CL150,RIING JOINT GASKET CL150 150MM
96,559,0.5202,0.2264,0.4238,2,150MM PIPE TSEEL STAINLESS SEAMLESS SCH40 304,MM SEAMLESS 15 SCH40 PIPE
593,559,0.5202,0.2819,0.3315,2,GALVD SCH40 PIPE IRON EAMLESS 80MM,MM SEAMLESS 15 SCH40 PIPE
759,761,0.517,0.2313,0.3942,2,150MM GASKET JOINT CL150 RING,RNG GASKET 150 MM CL150
105,600,0.5163,0.2323,0.3881,2,SPIRAL WOUND 100MM CL150,RNIG JOINT GASKET 100MM CL150
301,144,0.516,0.2254,0.3974,2,UPMP 1HP GEAR,PUMP CARBON STEEL GEAR 1HP
563,559,0.5155,0.2163,0.4096,2,SEAMLESS PIPPE 150MM SCH40 GALVANIZED IRON,MM SEAMLESS 15 SCH40 PIPE
298,1076,0.5151,0.2247,0.3929,2,ZZ BEARING BALL,BALL 51110 ZZ
1115,868,0.5111,0.2209,0.3722,2,WASHER GALVD 316 STEL SPRING STAINLESS,SPRING WASHER M24 STANILESS STEEL 316 PLAIN
1115,741,0.5079,0.2271,0.3409,2,WASHER GALVD 316 STEL SPRING STAINLESS,SPRING WASHER M10 STAINLEESS STEEL 316 ZINC PLATED
908,706,0.506,0.2291,0.3247,2,25MM PN16 GASKET PTFE,150 PTFE MM GASKTE PN16
1115,870,0.5048,0.1893,0.3829,2,WASHER GALVD 316 STEL SPRING STAINLESS,SPRING PLAIN 316 M24 STAINLESS STEEL
